9/10/2012 10:57,9/10/2012,TL-DUNWI-ABC3BM5CGZ,9/10/2012
9/10/2012 11:12,9/10/2012,TL-DUNWI-ABC3CVMAMJ,9/10/2012
9/10/2012 21:58,9/10/2012,TL-DUNWI-ABC4J8QFXR,9/10/2012
9/11/2012 1:37,9/11/2012,TL-DUNWI-ABD2AYPYKJ,9/11/2012
9/11/2012 7:11,9/11/2012,TL-DUNWI-ABD2WND8JD,9/11/2012
9/11/2012 12:22,9/11/2012,TL-DUNWI-ABD3GQZL66,9/11/2012
9/11/2012 15:02,9/11/2012,TL-DUNWI-ABD3S5WX8F,9/11/2012
9/11/2012 19:31,9/11/2012,TL-DUNWI-ABD4A2AAUE,9/11/2012
9/11/2012 22:43,9/11/2012,TL-DUNWI-ABD4LVZ78U,9/11/2012
9/12/2012 6:39,9/12/2012,TL-DUNWI-ABE2TZAXMC,9/12/2012
9/12/2012 14:39,9/12/2012,TL-DUNWI-ABE3QSF2FV,9/12/2012
9/12/2012 17:11,9/12/2012,TL-DUNWI-ABE3YWGAK7,9/12/2012
9/12/2012 22:48,9/12/2012,TL-DUNWI-ABE4M7WF7Q,9/12/2012
9/13/2012 23:14,9/13/2012,TL-DUNWI-ABF4N5Y3KC,9/13/2012
9/14/2012 6:37,9/14/2012,TL-DUNWI-ABG2U9E65D,9/14/2012
9/14/2012 7:36,9/14/2012,TL-DUNWI-ABG2XGVD4K,9/14/2012
9/14/2012 8:29,9/14/2012,TL-DUNWI-ABG32VK85Q,9/14/2012
9/14/2012 16:03,9/14/2012,TL-DUNWI-ABG3VLVNYV,9/14/2012
9/14/2012 20:18,9/14/2012,TL-DUNWI-ABG4CJXVVE,9/14/2012
9/15/2012 14:35,9/15/2012,TL-DUNWI-ABH3QNNJV9,9/15/2012
9/15/2012 16:16,9/15/2012,TL-DUNWI-ABH3WEVX6E,9/15/2012
9/15/2012 16:22,9/15/2012,TL-DUNWI-ABH3WV5X6X,9/15/2012
9/15/2012 22:18,9/15/2012,TL-DUNWI-ABH4KPBVJJ,9/15/2012
9/16/2012 6:18,9/16/2012,TL-DUNWI-ABJ2TB5NXS,9/16/2012
9/16/2012 13:43,9/16/2012,TL-DUNWI-ABJ3MMMCGR,9/16/2012
9/16/2012 22:55,9/16/2012,TL-DUNWI-ABJ4MWDBF9,9/16/2012
9/17/2012 11:37,9/17/2012,TL-DUNWI-ABK3E6GF3U,9/17/2012
9/17/2012 16:32,9/17/2012,TL-DUNWI-ABK3XAJ8Y5,9/17/2012
9/17/2012 22:17,9/17/2012,TL-DUNWI-ABK4K4FQTC,9/17/2012
9/18/2012 6:51,9/18/2012,TL-DUNWI-ABL2V9JFK8,9/18/2012
9/18/2012 7:09,9/18/2012,TL-DUNWI-ABL2WHAYCT,9/18/2012
9/18/2012 16:38,9/18/2012,TL-DUNWI-ABL3XMCWDZ,9/18/2012
9/18/2012 22:55,9/18/2012,TL-DUNWI-ABL4MNEWZH,9/18/2012
9/19/2012 6:40,9/19/2012,TL-DUNWI-ABM2ULFFJS,9/19/2012
9/19/2012 12:25,9/19/2012,TL-DUNWI-ABM3H4QGLM,9/19/2012
9/19/2012 22:30,9/19/2012,TL-DUNWI-ABM4KJAGB7,9/19/2012
9/20/2012 11:44,9/20/2012,TL-DUNWI-ABN3EHGYL6,9/20/2012
9/20/2012 11:53,9/20/2012,TL-DUNWI-ABN3ETRX9D,9/20/2012
9/20/2012 23:42,9/20/2012,TL-DUNWI-ABP22YXC5Y,9/20/2012
9/21/2012 10:02,9/21/2012,TL-DUNWI-ABP38F57Z9,9/21/2012
9/21/2012 20:29,9/21/2012,TL-DUNWI-ABP4D2FHV9,9/21/2012
9/22/2012 0:36,9/22/2012,TL-DUNWI-ABQ27LW6ZM,9/22/2012
9/22/2012 2:27,9/22/2012,TL-DUNWI-ABQ2DU99DV,9/22/2012
9/22/2012 6:11,9/22/2012,TL-DUNWI-ABQ2SRHESM,9/22/2012
9/22/2012 12:22,9/22/2012,TL-DUNWI-ABQ3GXUSY6,9/22/2012
9/22/2012 19:51,9/22/2012,TL-DUNWI-ABQ4ARLMA3,9/22/2012
9/23/2012 2:20,9/23/2012,TL-DUNWI-ABR2CYENGP,9/23/2012
9/23/2012 13:34,9/23/2012,TL-DUNWI-ABR3LUPVQC,9/23/2012
9/23/2012 22:32,9/23/2012,TL-DUNWI-ABR4LEN7HK,9/23/2012
9/24/2012 6:40,9/24/2012,TL-DUNWI-ABS2UPMX5S,9/24/2012
9/24/2012 10:46,9/24/2012,TL-DUNWI-ABS3B5VQ2,9/24/2012
9/24/2012 22:25,9/24/2012,TL-DUNWI-ABS4JYJSKU,9/24/2012
9/25/2012 6:51,9/25/2012,TL-DUNWI-ABT2V9YDDU,9/25/2012
9/25/2012 22:43,9/25/2012,TL-DUNWI-ABT4M3M73N,9/25/2012
9/26/2012 1:00,9/26/2012,TL-DUNWI-ABU27PPPMU,9/26/2012
9/26/2012 6:31,9/26/2012,TL-DUNWI-ABU2TZHDDJ,9/26/2012
9/26/2012 22:25,9/26/2012,TL-DUNWI-ABU4KKH5VZ,9/26/2012
9/27/2012 6:20,9/27/2012,TL-DUNWI-ABV2T6UBSB,9/27/2012
9/27/2012 21:34,9/27/2012,TL-DUNWI-ABV4GPTNC,9/27/2012
9/28/2012 6:03,9/28/2012,TL-DUNWI-ABW2SFM65K,9/28/2012
9/28/2012 11:37,9/28/2012,TL-DUNWI-ABW3E5SUMY,9/28/2012
9/28/2012 16:50,9/28/2012,TL-DUNWI-ABW3XFJVX7,9/28/2012
9/28/2012 22:15,9/28/2012,TL-DUNWI-ABW4K9L9GA,9/28/2012
9/29/2012 4:14,9/29/2012,TL-DUNWI-ABX2LB77HJ,9/29/2012
9/29/2012 6:26,9/29/2012,TL-DUNWI-ABX2TYLVT9,9/29/2012
9/29/2012 12:13,9/29/2012,TL-DUNWI-ABX3G64ETX,9/29/2012
9/29/2012 14:52,9/29/2012,TL-DUNWI-ABX3RNU45N,9/29/2012
9/29/2012 17:24,9/29/2012,TL-DUNWI-ABX42LWG5B,9/29/2012
9/29/2012 23:34,9/29/2012,TL-DUNWI-ABY237CAQK,9/29/2012
9/30/2012 11:16,9/30/2012,TL-DUNWI-ABY3CMEBR8,9/30/2012
9/30/2012 14:47,9/30/2012,TL-DUNWI-ABY3Q84FHA,9/30/2012
9/30/2012 21:31,9/30/2012,TL-DUNWI-ABY4GAM9DR,9/30/2012
10/1/2012 6:19,10/1/2012,TL-DUNWI-AC32TDVJDD,10/1/2012
10/1/2012 11:48,10/1/2012,TL-DUNWI-AC33EM8BAF,10/1/2012
10/1/2012 22:04,10/1/2012,TL-DUNWI-AC34JD66AS,10/1/2012
10/2/2012 6:05,10/2/2012,TL-DUNWI-AC42SPACQ8,10/2/2012
10/2/2012 14:49,10/2/2012,TL-DUNWI-AC43R92JPY,10/2/2012
10/2/2012 22:55,10/2/2012,TL-DUNWI-AC44M7WB9Z,10/2/2012
10/3/2012 6:18,10/3/2012,TL-DUNWI-AC52TEJEDT,10/3/2012
10/3/2012 12:55,10/3/2012,TL-DUNWI-AC53JSMAM,10/3/2012
10/3/2012 17:45,10/3/2012,TL-DUNWI-AC542SH64X,10/3/2012
10/3/2012 21:36,10/3/2012,TL-DUNWI-AC54GLLNW3,10/3/2012
10/4/2012 0:11,10/4/2012,TL-DUNWI-AC62629J5L,10/4/2012
10/4/2012 0:22,10/4/2012,TL-DUNWI-AC626S67N8,10/4/2012
10/4/2012 0:35,10/4/2012,TL-DUNWI-AC627EJR2G,10/4/2012
10/4/2012 6:03,10/4/2012,TL-DUNWI-AC62S2NP2A,10/4/2012
10/4/2012 22:44,10/4/2012,TL-DUNWI-AC64LAQCLB,10/4/2012
10/5/2012 6:14,10/5/2012,TL-DUNWI-AC72STJ8JC,10/5/2012
10/5/2012 10:16,10/5/2012,TL-DUNWI-AC739HYBBN,10/5/2012
10/5/2012 21:08,10/5/2012,TL-DUNWI-AC74DNTHC3,10/5/2012
10/6/2012 1:47,10/6/2012,TL-DUNWI-AC82BKN2W3,10/6/2012
10/6/2012 4:43,10/6/2012,TL-DUNWI-AC82MT6BKM,10/6/2012
10/6/2012 6:18,10/6/2012,TL-DUNWI-AC82TGUFTU,10/6/2012
10/6/2012 12:29,10/6/2012,TL-DUNWI-AC83H9BFNJ,10/6/2012
10/6/2012 14:33,10/6/2012,TL-DUNWI-AC83QD5KN9,10/6/2012
10/6/2012 20:38,10/6/2012,TL-DUNWI-AC84D96SSS,10/6/2012
10/7/2012 4:17,10/7/2012,TL-DUNWI-AC92LAZVBE,10/7/2012
10/7/2012 6:18,10/7/2012,TL-DUNWI-AC92THW925,10/7/2012
10/7/2012 11:24,10/7/2012,TL-DUNWI-AC93DEMJ93,10/7/2012
10/7/2012 14:29,10/7/2012,TL-DUNWI-AC93Q7TWH9,10/7/2012
10/7/2012 22:23,10/7/2012,TL-DUNWI-AC94KCE2DR,10/7/2012
10/8/2012 5:34,10/8/2012,TL-DUNWI-ACA2QY76UV,10/8/2012
10/8/2012 6:45,10/8/2012,TL-DUNWI-ACA2UYVBXQ,10/8/2012
10/8/2012 14:21,10/8/2012,TL-DUNWI-ACA3PM54HN,10/8/2012
10/8/2012 22:33,10/8/2012,TL-DUNWI-ACA4LFAVXH,10/8/2012
10/9/2012 4:04,10/9/2012,TL-DUNWI-ACB2KRU8NL,10/9/2012
10/9/2012 15:06,10/9/2012,TL-DUNWI-ACB3SFH5ZY,10/9/2012
10/9/2012 22:22,10/9/2012,TL-DUNWI-ACB4K5MGK4,10/9/2012
10/9/2012 23:44,10/9/2012,TL-DUNWI-ACC24HS6KJ,10/9/2012
10/10/2012 1:52,10/10/2012,TL-DUNWI-ACC2BXTJNP,10/10/2012
10/10/2012 6:58,10/10/2012,TL-DUNWI-ACC2VWBT44,10/10/2012
10/10/2012 13:16,10/10/2012,TL-DUNWI-ACC3L4TG84,10/10/2012
10/10/2012 22:40,10/10/2012,TL-DUNWI-ACC4L5DBHZ,10/10/2012
10/11/2012 0:58,10/11/2012,TL-DUNWI-ACD28VDGU6,10/11/2012
10/11/2012 7:00,10/11/2012,TL-DUNWI-ACD2VZP6RG,10/11/2012
10/11/2012 12:12,10/11/2012,TL-DUNWI-ACD3FX42WF,10/11/2012
10/11/2012 16:56,10/11/2012,TL-DUNWI-ACD3YQVY6J,10/11/2012
10/11/2012 22:34,10/11/2012,TL-DUNWI-ACD4L5BC3W,10/11/2012
10/12/2012 5:24,10/12/2012,TL-DUNWI-ACE2QBR5HK,10/12/2012
10/12/2012 6:08,10/12/2012,TL-DUNWI-ACE2SWNVAS,10/12/2012
10/12/2012 7:38,10/12/2012,TL-DUNWI-ACE2YCFN56,10/12/2012
10/12/2012 20:48,10/12/2012,TL-DUNWI-ACE4E337PX,10/12/2012
10/13/2012 6:30,10/13/2012,TL-DUNWI-ACF2U4YCVV,10/13/2012
10/13/2012 11:49,10/13/2012,TL-DUNWI-ACF3EELV8Z,10/13/2012
10/13/2012 17:37,10/13/2012,TL-DUNWI-ACF436ZFT4,10/13/2012
10/13/2012 22:35,10/13/2012,TL-DUNWI-ACF4KXZ5G9,10/13/2012
10/14/2012 6:33,10/14/2012,TL-DUNWI-ACG2TZYDPV,10/14/2012
10/14/2012 14:50,10/14/2012,TL-DUNWI-ACG3RHE744,10/14/2012
10/14/2012 22:41,10/14/2012,TL-DUNWI-ACG4LBNDTZ,10/14/2012
10/15/2012 6:23,10/15/2012,TL-DUNWI-ACH2TNY4X4,10/15/2012
10/15/2012 14:23,10/15/2012,TL-DUNWI-ACH3Q3YSLF,10/15/2012
10/15/2012 22:24,10/15/2012,TL-DUNWI-ACH4KV3H37,10/15/2012
10/16/2012 6:30,10/16/2012,TL-DUNWI-ACJ2U5XMLS,10/16/2012
10/17/2012 6:16,10/17/2012,TL-DUNWI-ACK2T8WS6T,10/17/2012
10/17/2012 11:40,10/17/2012,TL-DUNWI-ACK3DYH8KS,10/17/2012
10/17/2012 14:33,10/17/2012,TL-DUNWI-ACK3QL8ERR,10/17/2012
10/17/2012 22:28,10/17/2012,TL-DUNWI-ACK4J3HNZB,10/17/2012
10/18/2012 6:22,10/18/2012,TL-DUNWI-ACL2TLN2KA,10/18/2012
10/18/2012 10:57,10/18/2012,TL-DUNWI-ACL3BR4QY9,10/18/2012
10/18/2012 16:40,10/18/2012,TL-DUNWI-ACL3WRLHTU,10/18/2012
10/18/2012 21:24,10/18/2012,TL-DUNWI-ACL4FWRRGN,10/18/2012
10/19/2012 6:13,10/19/2012,TL-DUNWI-ACM2T2VWYF,10/19/2012
10/19/2012 10:59,10/19/2012,TL-DUNWI-ACM3BYN7GT,10/19/2012
10/19/2012 23:41,10/19/2012,TL-DUNWI-ACN2498JQ3,10/19/2012
10/20/2012 0:45,10/20/2012,TL-DUNWI-ACN283ZD65,10/20/2012
10/20/2012 6:24,10/20/2012,TL-DUNWI-ACN2TK74CF,10/20/2012
10/20/2012 6:36,10/20/2012,TL-DUNWI-ACN2UQ92XP,10/20/2012
10/20/2012 13:55,10/20/2012,TL-DUNWI-ACN3MRM6FZ,10/20/2012
10/20/2012 21:09,10/20/2012,TL-DUNWI-ACN4FQS5HG,10/20/2012
10/21/2012 0:37,10/21/2012,TL-DUNWI-ACP27J57KX,10/21/2012
10/21/2012 6:45,10/21/2012,TL-DUNWI-ACP2UV6HL3,10/21/2012
10/21/2012 9:38,10/21/2012,TL-DUNWI-ACP37DMXXY,10/21/2012
10/21/2012 13:56,10/21/2012,TL-DUNWI-ACP3N3XVMA,10/21/2012
10/21/2012 21:49,10/21/2012,TL-DUNWI-ACP4H7UVX7,10/21/2012
10/22/2012 8:36,10/22/2012,TL-DUNWI-ACQ33PLCCV,10/22/2012
10/22/2012 16:21,10/22/2012,TL-DUNWI-ACQ3WS2CH6,10/22/2012
10/22/2012 21:53,10/22/2012,TL-DUNWI-ACQ4HWUQ9B,10/22/2012
10/22/2012 22:02,10/22/2012,TL-DUNWI-ACQ4JJF85S,10/22/2012
10/23/2012 8:57,10/23/2012,TL-DUNWI-ACR34558WK,10/23/2012
10/23/2012 20:32,10/23/2012,TL-DUNWI-ACR4DBH8FG,10/23/2012
10/24/2012 1:33,10/24/2012,TL-DUNWI-ACS2AU48HZ,10/24/2012
10/24/2012 6:31,10/24/2012,TL-DUNWI-ACS2U9TR8B,10/24/2012
10/24/2012 8:40,10/24/2012,TL-DUNWI-ACS33YDCL6,10/24/2012
10/24/2012 22:36,10/24/2012,TL-DUNWI-ACS4LMY5DA,10/24/2012
10/25/2012 6:46,10/25/2012,TL-DUNWI-ACT2V6KTBA,10/25/2012
10/25/2012 13:50,10/25/2012,TL-DUNWI-ACT3LW48C4,10/25/2012
10/25/2012 15:32,10/25/2012,TL-DUNWI-ACT3U3BAD7,10/25/2012
10/25/2012 21:11,10/25/2012,TL-DUNWI-ACT4EW525X,10/25/2012
10/26/2012 6:31,10/26/2012,TL-DUNWI-ACU2TZ2C8A,10/26/2012
10/26/2012 10:27,10/26/2012,TL-DUNWI-ACU3A7DKR7,10/26/2012
10/26/2012 14:40,10/26/2012,TL-DUNWI-ACU3QTPVLJ,10/26/2012
10/26/2012 17:04,10/26/2012,TL-DUNWI-ACU3YW66S8,10/26/2012
10/26/2012 21:54,10/26/2012,TL-DUNWI-ACU4HEBSSD,10/26/2012
10/27/2012 1:59,10/27/2012,TL-DUNWI-ACV2CF2SWL,10/27/2012
10/27/2012 6:33,10/27/2012,TL-DUNWI-ACV2UCAB96,10/27/2012
10/27/2012 13:14,10/27/2012,TL-DUNWI-ACV3KJTXMQ,10/27/2012
10/27/2012 13:59,10/27/2012,TL-DUNWI-ACV3NB3EHT,10/27/2012
10/27/2012 21:24,10/27/2012,TL-DUNWI-ACV4FWHKU5,10/27/2012
10/28/2012 5:16,10/28/2012,TL-DUNWI-ACW2PL2ET6,10/28/2012
10/28/2012 6:33,10/28/2012,TL-DUNWI-ACW2UDG2SS,10/28/2012
10/28/2012 8:11,10/28/2012,TL-DUNWI-ACW2ZV2DEZ,10/28/2012
10/28/2012 13:33,10/28/2012,TL-DUNWI-ACW3LZE9C4,10/28/2012
10/28/2012 21:19,10/28/2012,TL-DUNWI-ACW4FS8JWE,10/28/2012
10/29/2012 6:39,10/29/2012,TL-DUNWI-ACX2UKQC9H,10/29/2012
10/29/2012 7:55,10/29/2012,TL-DUNWI-ACX2ZAV3HA,10/29/2012
10/29/2012 21:40,10/29/2012,TL-DUNWI-ACX4H6BZ9U,10/29/2012
10/30/2012 6:31,10/30/2012,TL-DUNWI-ACY2U2L79Y,10/30/2012
10/30/2012 21:23,10/30/2012,TL-DUNWI-ACY4EYF5L4,10/30/2012
10/31/2012 6:14,10/31/2012,TL-DUNWI-ACZ2T75FTP,10/31/2012
10/31/2012 13:59,10/31/2012,TL-DUNWI-ACZ3NJHXMU,10/31/2012
10/31/2012 21:32,10/31/2012,TL-DUNWI-ACZ4GPEN6Z,10/31/2012
11/1/2012 6:18,11/1/2012,TL-DUNWI-AD32TGCSBS,11/1/2012
11/1/2012 14:24,11/1/2012,TL-DUNWI-AD33P6F8EZ,11/1/2012
11/1/2012 16:24,11/1/2012,TL-DUNWI-AD33X6MDME,11/1/2012
11/1/2012 22:31,11/1/2012,TL-DUNWI-AD34KVGH2A,11/1/2012
11/2/2012 6:13,11/2/2012,TL-DUNWI-AD42T5MEZF,11/2/2012
11/2/2012 14:09,11/2/2012,TL-DUNWI-AD43P8SPWS,11/2/2012
11/2/2012 19:16,11/2/2012,TL-DUNWI-AD4488Z4TG,11/2/2012
11/2/2012 20:42,11/2/2012,TL-DUNWI-AD44EAPAGG,11/2/2012
11/2/2012 22:31,11/2/2012,TL-DUNWI-AD44LMLJKF,11/2/2012
11/3/2012 6:40,11/3/2012,TL-DUNWI-AD52UVLJ7L,11/3/2012
11/3/2012 14:00,11/3/2012,TL-DUNWI-AD53NJ6PNP,11/3/2012
11/3/2012 18:07,11/3/2012,TL-DUNWI-AD5454YSUC,11/3/2012
11/3/2012 21:30,11/3/2012,TL-DUNWI-AD54GQ6R4P,11/3/2012
11/4/2012 6:56,11/4/2012,TL-DUNWI-AD62VNDU27,11/4/2012
11/4/2012 10:26,11/4/2012,TL-DUNWI-AD63A4FPRY,11/4/2012
11/4/2012 22:15,11/4/2012,TL-DUNWI-AD64KCATNZ,11/4/2012
11/5/2012 6:27,11/5/2012,TL-DUNWI-AD72TMQRAM,11/5/2012
11/5/2012 8:11,11/5/2012,TL-DUNWI-AD7329LEDS,11/5/2012
11/5/2012 20:59,11/5/2012,TL-DUNWI-AD74F2EJRF,11/5/2012
11/6/2012 6:22,11/6/2012,TL-DUNWI-AD82TFP5AC,11/6/2012
11/6/2012 9:47,11/6/2012,TL-DUNWI-AD837K5BAJ,11/6/2012
11/6/2012 10:09,11/6/2012,TL-DUNWI-AD838QRG2B,11/6/2012
11/6/2012 14:57,11/6/2012,TL-DUNWI-AD83RS6RLQ,11/6/2012
11/6/2012 21:10,11/6/2012,TL-DUNWI-AD84FR4WVM,11/6/2012
11/7/2012 6:16,11/7/2012,TL-DUNWI-AD92TBYZ6,11/7/2012
11/7/2012 15:24,11/7/2012,TL-DUNWI-AD93TL7B7V,11/7/2012
11/7/2012 21:43,11/7/2012,TL-DUNWI-AD94HCZX25,11/7/2012
11/8/2012 6:13,11/8/2012,TL-DUNWI-ADA2T5CRKJ,11/8/2012
11/8/2012 9:54,11/8/2012,TL-DUNWI-ADA37YV32G,11/8/2012
11/8/2012 14:13,11/8/2012,TL-DUNWI-ADA3MZWDV5,11/8/2012
11/8/2012 22:10,11/8/2012,TL-DUNWI-ADA4JBMTW8,11/8/2012
11/9/2012 6:12,11/9/2012,TL-DUNWI-ADB2T6SCXQ,11/9/2012
11/9/2012 11:13,11/9/2012,TL-DUNWI-ADB3CVMHNK,11/9/2012
11/9/2012 21:33,11/9/2012,TL-DUNWI-ADB4GY7VNM,11/9/2012
11/9/2012 23:17,11/9/2012,TL-DUNWI-ADC22XLAUD,11/9/2012
11/10/2012 6:55,11/10/2012,TL-DUNWI-ADC2VJZ5GC,11/10/2012
11/10/2012 13:54,11/10/2012,TL-DUNWI-ADC3MW496W,11/10/2012
11/10/2012 18:57,11/10/2012,TL-DUNWI-ADC47S9AUN,11/10/2012
11/10/2012 22:42,11/10/2012,TL-DUNWI-ADC4LSQTS9,11/10/2012
11/11/2012 6:34,11/11/2012,TL-DUNWI-ADD2TXDMNF,11/11/2012
11/11/2012 13:57,11/11/2012,TL-DUNWI-ADD3MPGE7G,11/11/2012
11/11/2012 22:39,11/11/2012,TL-DUNWI-ADD4LVGTLW,11/11/2012
11/12/2012 6:19,11/12/2012,TL-DUNWI-ADE2TFCPLE,11/12/2012
11/12/2012 8:33,11/12/2012,TL-DUNWI-ADE33JWSDS,11/12/2012
11/12/2012 16:13,11/12/2012,TL-DUNWI-ADE3WBHYM6,11/12/2012
11/12/2012 21:47,11/12/2012,TL-DUNWI-ADE4HKGFXP,11/12/2012
11/13/2012 6:22,11/13/2012,TL-DUNWI-ADF2TM67XH,11/13/2012
11/13/2012 15:00,11/13/2012,TL-DUNWI-ADF3RY5WR9,11/13/2012
11/13/2012 21:56,11/13/2012,TL-DUNWI-ADF4J8JFJ7,11/13/2012
11/14/2012 6:20,11/14/2012,TL-DUNWI-ADG2TG8AA6,11/14/2012
11/14/2012 16:51,11/14/2012,TL-DUNWI-ADG3YP65GT,11/14/2012
11/14/2012 22:40,11/14/2012,TL-DUNWI-ADG4KXNLY4,11/14/2012
11/15/2012 6:18,11/15/2012,TL-DUNWI-ADH2TFHBBY,11/15/2012
11/15/2012 14:50,11/15/2012,TL-DUNWI-ADH3RG858Q,11/15/2012
11/15/2012 22:14,11/15/2012,TL-DUNWI-ADH4K4XQ7U,11/15/2012
11/16/2012 12:43,11/16/2012,TL-DUNWI-ADJ3J89TXA,11/16/2012
11/16/2012 20:53,11/16/2012,TL-DUNWI-ADJ4EPF3GL,11/16/2012
11/17/2012 0:13,11/17/2012,TL-DUNWI-ADK2647V7T,11/17/2012
11/17/2012 6:36,11/17/2012,TL-DUNWI-ADK2UJCPCS,11/17/2012
11/17/2012 7:32,11/17/2012,TL-DUNWI-ADK2XZFH9G,11/17/2012
11/17/2012 11:42,11/17/2012,TL-DUNWI-ADK3EFJ6GN,11/17/2012
11/17/2012 22:25,11/17/2012,TL-DUNWI-ADK4KLV2JK,11/17/2012
11/18/2012 6:44,11/18/2012,TL-DUNWI-ADL2UX27AY,11/18/2012
11/18/2012 21:51,11/18/2012,TL-DUNWI-ADL4HWF763,11/18/2012
11/19/2012 6:39,11/19/2012,TL-DUNWI-ADM2UKKP4B,11/19/2012
11/19/2012 13:34,11/19/2012,TL-DUNWI-ADM3M7X6BN,11/19/2012
11/19/2012 22:59,11/19/2012,TL-DUNWI-ADM4N6ZR5P,11/19/2012
11/20/2012 6:12,11/20/2012,TL-DUNWI-ADN2T33NCY,11/20/2012
11/20/2012 22:32,11/20/2012,TL-DUNWI-ADN4KUHWF4,11/20/2012
11/21/2012 6:10,11/21/2012,TL-DUNWI-ADP2SYQL9F,11/21/2012
11/21/2012 9:55,11/21/2012,TL-DUNWI-ADP38ATB6N,11/21/2012
11/21/2012 21:36,11/21/2012,TL-DUNWI-ADP4H8JJJF,11/21/2012
11/22/2012 6:22,11/22/2012,TL-DUNWI-ADQ2TPNG4B,11/22/2012
11/22/2012 16:01,11/22/2012,TL-DUNWI-ADQ3VLCFUH,11/22/2012
11/22/2012 21:15,11/22/2012,TL-DUNWI-ADQ4FYGW7C,11/22/2012
11/23/2012 6:50,11/23/2012,TL-DUNWI-ADR2VBNTNA,11/23/2012
11/23/2012 21:14,11/23/2012,TL-DUNWI-ADR4FQ92ZA,11/23/2012
11/24/2012 6:38,11/24/2012,TL-DUNWI-ADS2UF27GU,11/24/2012
11/24/2012 20:54,11/24/2012,TL-DUNWI-ADS4ENQ7BS,11/24/2012
11/24/2012 22:43,11/24/2012,TL-DUNWI-ADS4M8JKM8,11/24/2012
11/25/2012 6:31,11/25/2012,TL-DUNWI-ADT2U8X76V,11/25/2012
11/25/2012 13:30,11/25/2012,TL-DUNWI-ADT3LTN9XF,11/25/2012
11/25/2012 22:26,11/25/2012,TL-DUNWI-ADT4L4U3GD,11/25/2012
11/26/2012 6:17,11/26/2012,TL-DUNWI-ADU2TEZSVG,11/26/2012
11/26/2012 8:07,11/26/2012,TL-DUNWI-ADU3225FQ4,11/26/2012
11/26/2012 8:09,11/26/2012,TL-DUNWI-ADU324N79J,11/26/2012
11/26/2012 21:41,11/26/2012,TL-DUNWI-ADU4H8WLA5,11/26/2012
11/27/2012 6:21,11/27/2012,TL-DUNWI-ADV2TLGFL8,11/27/2012
11/27/2012 14:17,11/27/2012,TL-DUNWI-ADV3PCSACT,11/27/2012
11/27/2012 22:24,11/27/2012,TL-DUNWI-ADV4KTPWM7,11/27/2012
11/28/2012 6:19,11/28/2012,TL-DUNWI-ADW2TGA23S,11/28/2012
11/28/2012 14:12,11/28/2012,TL-DUNWI-ADW3PCKM89,11/28/2012
11/28/2012 20:52,11/28/2012,TL-DUNWI-ADW4EHRTBC,11/28/2012
11/29/2012 6:16,11/29/2012,TL-DUNWI-ADX2TCDCBG,11/29/2012
11/29/2012 14:32,11/29/2012,TL-DUNWI-ADX3QBX9S5,11/29/2012
11/29/2012 22:08,11/29/2012,TL-DUNWI-ADX4JU2X69,11/29/2012
11/30/2012 6:15,11/30/2012,TL-DUNWI-ADY2TA5GPC,11/30/2012
11/30/2012 11:41,11/30/2012,TL-DUNWI-ADY3E2HHC,11/30/2012
11/30/2012 23:06,11/30/2012,TL-DUNWI-ADY4MUN6U8,11/30/2012
12/1/2012 6:56,12/1/2012,TL-DUNWI-AE32VLJ8M,12/1/2012
12/1/2012 14:39,12/1/2012,TL-DUNWI-AE33QXKTF6,12/1/2012
12/1/2012 23:22,12/1/2012,TL-DUNWI-AE4234EMMB,12/1/2012
12/2/2012 6:49,12/2/2012,TL-DUNWI-AE42V3LYDL,12/2/2012
12/2/2012 14:26,12/2/2012,TL-DUNWI-AE43PXPT7A,12/2/2012
12/2/2012 22:30,12/2/2012,TL-DUNWI-AE44LD8SN4,12/2/2012
12/3/2012 6:18,12/3/2012,TL-DUNWI-AE52TFMMSC,12/3/2012
12/3/2012 14:58,12/3/2012,TL-DUNWI-AE53RTYKVF,12/3/2012
12/3/2012 22:44,12/3/2012,TL-DUNWI-AE54M2CCC3,12/3/2012
12/4/2012 6:18,12/4/2012,TL-DUNWI-AE62TJ22S6,12/4/2012
12/4/2012 16:01,12/4/2012,TL-DUNWI-AE63VJCPME,12/4/2012
12/4/2012 22:22,12/4/2012,TL-DUNWI-AE64KTGSNC,12/4/2012
12/5/2012 6:15,12/5/2012,TL-DUNWI-AE72T9UEYA,12/5/2012
12/5/2012 11:39,12/5/2012,TL-DUNWI-AE73ECXXGF,12/5/2012
12/5/2012 21:49,12/5/2012,TL-DUNWI-AE74HBMT4T,12/5/2012
12/5/2012 23:07,12/5/2012,TL-DUNWI-AE74N7F5U5,12/5/2012
12/6/2012 6:20,12/6/2012,TL-DUNWI-AE82TMRMKB,12/6/2012
12/6/2012 20:35,12/6/2012,TL-DUNWI-AE84CYKEP7,12/6/2012
12/7/2012 6:24,12/7/2012,TL-DUNWI-AE92TMU84D,12/7/2012
12/7/2012 8:33,12/7/2012,TL-DUNWI-AE933DS7HG,12/7/2012
12/7/2012 8:39,12/7/2012,TL-DUNWI-AE933M93TX,12/7/2012
12/7/2012 22:16,12/7/2012,TL-DUNWI-AE94KFCHPP,12/7/2012
12/8/2012 6:21,12/8/2012,TL-DUNWI-AEA2TKV6AD,12/8/2012
12/8/2012 8:46,12/8/2012,TL-DUNWI-AEA33ZUH7A,12/8/2012
12/8/2012 17:36,12/8/2012,TL-DUNWI-AEA42TAHSK,12/8/2012
12/9/2012 6:10,12/9/2012,TL-DUNWI-AEB2SY3J9C,12/9/2012
12/9/2012 14:25,12/9/2012,TL-DUNWI-AEB3PSYTWV,12/9/2012
12/9/2012 21:36,12/9/2012,TL-DUNWI-AEB4GJQFA5,12/9/2012
12/10/2012 6:15,12/10/2012,TL-DUNWI-AEC2T7LAU8,12/10/2012
12/10/2012 13:59,12/10/2012,TL-DUNWI-AEC3NLG4EZ,12/10/2012
12/10/2012 21:27,12/10/2012,TL-DUNWI-AEC4GA9LK6,12/10/2012
12/11/2012 6:11,12/11/2012,TL-DUNWI-AED2SZYYNY,12/11/2012
12/11/2012 22:21,12/11/2012,TL-DUNWI-AED4KSTL8,12/11/2012
12/12/2012 6:24,12/12/2012,TL-DUNWI-AEE2TT3U6A,12/12/2012
12/12/2012 11:22,12/12/2012,TL-DUNWI-AEE3DE4SW,12/12/2012
12/12/2012 14:28,12/12/2012,TL-DUNWI-AEE3Q8ZGQE,12/12/2012
12/12/2012 22:46,12/12/2012,TL-DUNWI-AEE4M84LLJ,12/12/2012
12/13/2012 6:35,12/13/2012,TL-DUNWI-AEF2UGTGJZ,12/13/2012
12/13/2012 14:34,12/13/2012,TL-DUNWI-AEF3Q2BTRD,12/13/2012
12/13/2012 21:59,12/13/2012,TL-DUNWI-AEF4JB748S,12/13/2012
12/14/2012 2:06,12/14/2012,TL-DUNWI-AEG2CL6Q78,12/14/2012
12/14/2012 20:38,12/14/2012,TL-DUNWI-AEG4DGBNN,12/14/2012
12/15/2012 14:54,12/15/2012,TL-DUNWI-AEH3RLDTJY,12/15/2012
12/15/2012 15:03,12/15/2012,TL-DUNWI-AEH3SDMGJX,12/15/2012
12/16/2012 14:48,12/16/2012,TL-DUNWI-AEJ3REZDJV,12/16/2012
12/16/2012 19:33,12/16/2012,TL-DUNWI-AEJ4A6TERF,12/16/2012
12/16/2012 22:39,12/16/2012,TL-DUNWI-AEJ4LXTEG,12/16/2012
12/17/2012 6:32,12/17/2012,TL-DUNWI-AEK2U7YCT8,12/17/2012
12/17/2012 14:23,12/17/2012,TL-DUNWI-AEK3PY9SMQ,12/17/2012
12/18/2012 22:01,12/18/2012,TL-DUNWI-AEL4JLYGTN,12/18/2012
12/19/2012 6:12,12/19/2012,TL-DUNWI-AEM2T75MKY,12/19/2012
12/19/2012 14:11,12/19/2012,TL-DUNWI-AEM3PD3N2U,12/19/2012
12/19/2012 22:47,12/19/2012,TL-DUNWI-AEM4KFX759,12/19/2012
12/20/2012 6:19,12/20/2012,TL-DUNWI-AEN2TCEQC5,12/20/2012
12/20/2012 22:15,12/20/2012,TL-DUNWI-AEN4KBJNGT,12/20/2012
12/21/2012 6:20,12/21/2012,TL-DUNWI-AEP2TLNQ5U,12/21/2012
12/21/2012 14:43,12/21/2012,TL-DUNWI-AEP3QZGJ6W,12/21/2012
12/22/2012 6:28,12/22/2012,TL-DUNWI-AEQ2TXQ254,12/22/2012
12/22/2012 14:55,12/22/2012,TL-DUNWI-AEQ3RQBEDW,12/22/2012
12/22/2012 22:36,12/22/2012,TL-DUNWI-AEQ4LN5NJD,12/22/2012
12/23/2012 6:20,12/23/2012,TL-DUNWI-AER2TFQGM6,12/23/2012
12/23/2012 14:39,12/23/2012,TL-DUNWI-AER3QSD5JB,12/23/2012
12/23/2012 21:56,12/23/2012,TL-DUNWI-AER4JD7FTZ,12/23/2012
12/24/2012 14:31,12/24/2012,TL-DUNWI-AES3QB3YNX,12/24/2012
12/24/2012 19:00,12/24/2012,TL-DUNWI-AES48B2J4K,12/24/2012
12/25/2012 6:22,12/25/2012,TL-DUNWI-AET2TT8MNW,12/25/2012
12/25/2012 14:29,12/25/2012,TL-DUNWI-AET3QEEPX3,12/25/2012
12/25/2012 22:01,12/25/2012,TL-DUNWI-AET4JGD97N,12/25/2012
12/26/2012 6:47,12/26/2012,TL-DUNWI-AEU2UKKW2D,12/26/2012
12/26/2012 14:08,12/26/2012,TL-DUNWI-AEU3P2AEEQ,12/26/2012
12/26/2012 21:49,12/26/2012,TL-DUNWI-AEU4HRBUY6,12/26/2012
12/27/2012 6:32,12/27/2012,TL-DUNWI-AEV2UDAP5P,12/27/2012
12/27/2012 13:55,12/27/2012,TL-DUNWI-AEV3N7FHAW,12/27/2012
12/27/2012 22:47,12/27/2012,TL-DUNWI-AEV4LTCCNA,12/27/2012
12/28/2012 6:16,12/28/2012,TL-DUNWI-AEW2TD776D,12/28/2012
12/28/2012 21:38,12/28/2012,TL-DUNWI-AEW4GHXGEE,12/28/2012
12/29/2012 17:37,12/29/2012,TL-DUNWI-AEX435QDZZ,12/29/2012
12/31/2012 13:11,12/31/2012,TL-DUNWI-AEZ3KTD94C,12/31/2012
12/31/2012 22:34,12/31/2012,TL-DUNWI-AEZ4LQF35E,12/31/2012
12/31/2012 22:46,12/31/2012,TL-DUNWI-AEZ4LWZFR8,12/31/2012
12/31/2012 23:11,12/31/2012,TL-DUNWI-B3322FT5SU,12/31/2012
1/1/2013 6:12,1/1/2013,TL-DUNWI-B332T722PZ,1/1/2013
1/1/2013 11:59,1/1/2013,TL-DUNWI-B333FH9E6C,1/1/2013
1/1/2013 14:46,1/1/2013,TL-DUNWI-B333R9L9XZ,1/1/2013
1/1/2013 22:07,1/1/2013,TL-DUNWI-B334JQ6YSW,1/1/2013
1/2/2013 6:17,1/2/2013,TL-DUNWI-B342TBSQFK,1/2/2013
1/2/2013 14:34,1/2/2013,TL-DUNWI-B343Q4BM65,1/2/2013
1/3/2013 0:03,1/3/2013,TL-DUNWI-B3525GC4FL,1/3/2013
1/3/2013 6:18,1/3/2013,TL-DUNWI-B352TF2TLJ,1/3/2013
1/3/2013 14:24,1/3/2013,TL-DUNWI-B353PXNX49,1/3/2013
1/3/2013 21:51,1/3/2013,TL-DUNWI-B354J6AHM7,1/3/2013
1/4/2013 6:14,1/4/2013,TL-DUNWI-B362T7MYW7,1/4/2013
1/4/2013 15:52,1/4/2013,TL-DUNWI-B363V2MVUU,1/4/2013
1/5/2013 6:58,1/5/2013,TL-DUNWI-B372VPBH6S,1/5/2013
1/5/2013 15:01,1/5/2013,TL-DUNWI-B373S2CUC7,1/5/2013
1/5/2013 22:45,1/5/2013,TL-DUNWI-B374LXDCAH,1/5/2013
1/6/2013 6:31,1/6/2013,TL-DUNWI-B382U6NVHB,1/6/2013
1/6/2013 16:10,1/6/2013,TL-DUNWI-B383W2QLWW,1/6/2013
1/6/2013 22:45,1/6/2013,TL-DUNWI-B384LBPN7S,1/6/2013
1/7/2013 6:23,1/7/2013,TL-DUNWI-B392TR4RDL,1/7/2013
1/7/2013 14:09,1/7/2013,TL-DUNWI-B393P7KDVR,1/7/2013
1/7/2013 22:37,1/7/2013,TL-DUNWI-B394LHWVNC,1/7/2013
1/8/2013 6:16,1/8/2013,TL-DUNWI-B3A2T6M8EU,1/8/2013
1/8/2013 14:19,1/8/2013,TL-DUNWI-B3A3PRR4T,1/8/2013
1/8/2013 22:21,1/8/2013,TL-DUNWI-B3A4KTXFEL,1/8/2013
1/9/2013 6:07,1/9/2013,TL-DUNWI-B3B2SWKCPU,1/9/2013
1/9/2013 14:53,1/9/2013,TL-DUNWI-B3B3RQMSG9,1/9/2013
1/9/2013 21:55,1/9/2013,TL-DUNWI-B3B4HYYVJ9,1/9/2013
1/10/2013 6:46,1/10/2013,TL-DUNWI-B3C2UNWRK,1/10/2013
1/10/2013 11:05,1/10/2013,TL-DUNWI-B3C3BW5RVL,1/10/2013
1/10/2013 14:30,1/10/2013,TL-DUNWI-B3C3Q9PU2J,1/10/2013
1/10/2013 22:13,1/10/2013,TL-DUNWI-B3C4KBJ42M,1/10/2013
1/11/2013 14:42,1/11/2013,TL-DUNWI-B3D3QQ6PE4,1/11/2013
1/11/2013 14:48,1/11/2013,TL-DUNWI-B3D3R9PSFS,1/11/2013
1/11/2013 21:52,1/11/2013,TL-DUNWI-B3D4J2MBQH,1/11/2013
1/12/2013 6:33,1/12/2013,TL-DUNWI-B3E2U5VTHC,1/12/2013
1/12/2013 13:43,1/12/2013,TL-DUNWI-B3E3MLDRPD,1/12/2013
1/12/2013 20:15,1/12/2013,TL-DUNWI-B3E4C7TVEN,1/12/2013
1/12/2013 21:01,1/12/2013,TL-DUNWI-B3E4FCWT67,1/12/2013
1/13/2013 6:40,1/13/2013,TL-DUNWI-B3F2ULYH6C,1/13/2013
1/13/2013 14:55,1/13/2013,TL-DUNWI-B3F3RJCLBH,1/13/2013
1/13/2013 23:05,1/13/2013,TL-DUNWI-B3F4M8GDCZ,1/13/2013
1/14/2013 5:47,1/14/2013,TL-DUNWI-B3G2RE6FQH,1/14/2013
1/14/2013 14:06,1/14/2013,TL-DUNWI-B3G3NUGLZJ,1/14/2013
1/14/2013 16:56,1/14/2013,TL-DUNWI-B3G3XYLCED,1/14/2013
1/14/2013 22:19,1/14/2013,TL-DUNWI-B3G4KQD3VD,1/14/2013
1/15/2013 6:14,1/15/2013,TL-DUNWI-B3H2TAHU2S,1/15/2013
1/15/2013 23:02,1/15/2013,TL-DUNWI-B3H4N8EPUR,1/15/2013
1/16/2013 6:26,1/16/2013,TL-DUNWI-B3J2U3V52C,1/16/2013
1/16/2013 9:36,1/16/2013,TL-DUNWI-B3J376AHJ8,1/16/2013
1/16/2013 12:47,1/16/2013,TL-DUNWI-B3J3JDLTUH,1/16/2013
1/16/2013 21:42,1/16/2013,TL-DUNWI-B3J4GXFCW9,1/16/2013
1/17/2013 6:35,1/17/2013,TL-DUNWI-B3K2UN3ER9,1/17/2013
1/17/2013 15:39,1/17/2013,TL-DUNWI-B3K3UBXLZ5,1/17/2013
1/17/2013 21:51,1/17/2013,TL-DUNWI-B3K4HYTE5W,1/17/2013
1/18/2013 7:58,1/18/2013,TL-DUNWI-B3L2ZFBPCC,1/18/2013
1/18/2013 11:58,1/18/2013,TL-DUNWI-B3L3FF5547,1/18/2013
1/18/2013 22:59,1/18/2013,TL-DUNWI-B3L4N6K42Y,1/18/2013
1/19/2013 6:18,1/19/2013,TL-DUNWI-B3M2TNL2DR,1/19/2013
1/19/2013 14:26,1/19/2013,TL-DUNWI-B3M3PS6FWN,1/19/2013
1/19/2013 21:28,1/19/2013,TL-DUNWI-B3M4GQLMF6,1/19/2013
1/20/2013 11:48,1/20/2013,TL-DUNWI-B3N3EXZDL5,1/20/2013
1/20/2013 21:26,1/20/2013,TL-DUNWI-B3N4GPM5K,1/20/2013
1/21/2013 7:04,1/21/2013,TL-DUNWI-B3P2WB864M,1/21/2013
1/21/2013 11:46,1/21/2013,TL-DUNWI-B3P3ERS4R,1/21/2013
1/21/2013 20:38,1/21/2013,TL-DUNWI-B3P4DFF8TB,1/21/2013
1/22/2013 6:28,1/22/2013,TL-DUNWI-B3Q2U99VQJ,1/22/2013
1/22/2013 9:29,1/22/2013,TL-DUNWI-B3Q36T2DRZ,1/22/2013
1/23/2013 8:37,1/23/2013,TL-DUNWI-B3R33R2BQX,1/23/2013
1/23/2013 8:48,1/23/2013,TL-DUNWI-B3R34EWW9H,1/23/2013
1/23/2013 9:16,1/23/2013,TL-DUNWI-B3R362FKMT,1/23/2013
1/23/2013 13:51,1/23/2013,TL-DUNWI-B3R3N2TKDT,1/23/2013
1/23/2013 21:25,1/23/2013,TL-DUNWI-B3R4FWVABJ,1/23/2013
1/24/2013 6:22,1/24/2013,TL-DUNWI-B3S2TWTBNZ,1/24/2013
1/24/2013 9:01,1/24/2013,TL-DUNWI-B3S35547U3,1/24/2013
1/24/2013 14:23,1/24/2013,TL-DUNWI-B3S3PYBX8L,1/24/2013
1/25/2013 0:29,1/25/2013,TL-DUNWI-B3T26ZTBXW,1/25/2013
1/25/2013 7:32,1/25/2013,TL-DUNWI-B3T2XT2KKH,1/25/2013
1/25/2013 13:02,1/25/2013,TL-DUNWI-B3T3K8Y9KA,1/25/2013
1/25/2013 22:39,1/25/2013,TL-DUNWI-B3T4LWSK4A,1/25/2013
1/26/2013 6:46,1/26/2013,TL-DUNWI-B3U2V8M5PR,1/26/2013
1/26/2013 22:14,1/26/2013,TL-DUNWI-B3U4KDTPRS,1/26/2013
1/27/2013 8:05,1/27/2013,TL-DUNWI-B3V2ZTQHYY,1/27/2013
1/27/2013 15:05,1/27/2013,TL-DUNWI-B3V3RNBUSE,1/27/2013
1/27/2013 20:53,1/27/2013,TL-DUNWI-B3V4EP7CFZ,1/27/2013
1/28/2013 7:06,1/28/2013,TL-DUNWI-B3W2VYMSE8,1/28/2013
1/28/2013 8:55,1/28/2013,TL-DUNWI-B3W34TTA7J,1/28/2013
1/28/2013 23:24,1/28/2013,TL-DUNWI-B3X239VV88,1/28/2013
1/29/2013 7:03,1/29/2013,TL-DUNWI-B3X2W3ZKPR,1/29/2013
1/29/2013 22:51,1/29/2013,TL-DUNWI-B3X4MMWAYW,1/29/2013
1/30/2013 7:54,1/30/2013,TL-DUNWI-B3Y2YZ8XL4,1/30/2013
1/30/2013 15:06,1/30/2013,TL-DUNWI-B3Y3SEU9X,1/30/2013
1/30/2013 22:06,1/30/2013,TL-DUNWI-B3Y4K6NYSA,1/30/2013
1/31/2013 7:56,1/31/2013,TL-DUNWI-B3Z2Z9RVE4,1/31/2013
1/31/2013 9:42,1/31/2013,TL-DUNWI-B3Z37H6WZY,1/31/2013
1/31/2013 22:10,1/31/2013,TL-DUNWI-B3Z4J7Z8V7,1/31/2013
2/1/2013 7:11,2/1/2013,TL-DUNWI-B432WDVNMV,2/1/2013
2/1/2013 9:06,2/1/2013,TL-DUNWI-B4335GDWWN,2/1/2013
2/1/2013 21:40,2/1/2013,TL-DUNWI-B434H98WEG,2/1/2013
2/2/2013 14:42,2/2/2013,TL-DUNWI-B443QHXVF,2/2/2013
2/2/2013 21:48,2/2/2013,TL-DUNWI-B444HVB27G,2/2/2013
2/3/2013 20:24,2/3/2013,TL-DUNWI-B454CYFR7L,2/3/2013
2/4/2013 6:55,2/4/2013,TL-DUNWI-B462V68366,2/4/2013
2/4/2013 8:41,2/4/2013,TL-DUNWI-B4633Z84TR,2/4/2013
2/4/2013 22:32,2/4/2013,TL-DUNWI-B464LHMRPF,2/4/2013
2/5/2013 7:55,2/5/2013,TL-DUNWI-B472Z4TCP3,2/5/2013
2/5/2013 22:09,2/5/2013,TL-DUNWI-B474K82CBX,2/5/2013
2/6/2013 8:15,2/6/2013,TL-DUNWI-B48328862G,2/6/2013
2/6/2013 22:07,2/6/2013,TL-DUNWI-B484K4XAR9,2/6/2013
2/7/2013 6:19,2/7/2013,TL-DUNWI-B492TA4HXA,2/7/2013
2/7/2013 12:37,2/7/2013,TL-DUNWI-B493HTMMB3,2/7/2013
2/7/2013 22:04,2/7/2013,TL-DUNWI-B494JXQ6L,2/7/2013
2/8/2013 7:52,2/8/2013,TL-DUNWI-B4A2YUFAJ5,2/8/2013
2/8/2013 9:11,2/8/2013,TL-DUNWI-B4A35N5UA9,2/8/2013
2/8/2013 21:57,2/8/2013,TL-DUNWI-B4A4J94VW7,2/8/2013
2/9/2013 14:33,2/9/2013,TL-DUNWI-B4B3QLJRMC,2/9/2013
2/9/2013 15:27,2/9/2013,TL-DUNWI-B4B3TLPUZZ,2/9/2013
2/9/2013 17:13,2/9/2013,TL-DUNWI-B4B3XV3MGP,2/9/2013
2/9/2013 21:01,2/9/2013,TL-DUNWI-B4B4F52HDF,2/9/2013
2/9/2013 22:04,2/9/2013,TL-DUNWI-B4B4JU2U4P,2/9/2013
2/10/2013 6:34,2/10/2013,TL-DUNWI-B4C2UF26S4,2/10/2013
2/10/2013 9:51,2/10/2013,TL-DUNWI-B4C384ZM36,2/10/2013
2/10/2013 11:48,2/10/2013,TL-DUNWI-B4C3EWMKT6,2/10/2013
2/10/2013 13:16,2/10/2013,TL-DUNWI-B4C3KLHTNY,2/10/2013
2/10/2013 21:10,2/10/2013,TL-DUNWI-B4C4FHT9NP,2/10/2013
2/10/2013 21:57,2/10/2013,TL-DUNWI-B4C4JK74TF,2/10/2013
2/11/2013 6:46,2/11/2013,TL-DUNWI-B4D2UYL9SU,2/11/2013
2/11/2013 8:56,2/11/2013,TL-DUNWI-B4D34V9S9D,2/11/2013
2/11/2013 22:52,2/11/2013,TL-DUNWI-B4D4MG5FBJ,2/11/2013
2/12/2013 8:20,2/12/2013,TL-DUNWI-B4E32QLB2P,2/12/2013
2/12/2013 22:41,2/12/2013,TL-DUNWI-B4E4M6CZ78,2/12/2013
2/13/2013 8:05,2/13/2013,TL-DUNWI-B4F2ZRFV5P,2/13/2013
2/13/2013 22:00,2/13/2013,TL-DUNWI-B4F4JLHHX9,2/13/2013
2/14/2013 8:14,2/14/2013,TL-DUNWI-B4G32EYJZD,2/14/2013
2/14/2013 21:55,2/14/2013,TL-DUNWI-B4G4JC8CVM,2/14/2013
2/15/2013 7:37,2/15/2013,TL-DUNWI-B4H2Y3PXCZ,2/15/2013
2/15/2013 18:09,2/15/2013,TL-DUNWI-B4H44TEMDJ,2/15/2013
2/15/2013 18:20,2/15/2013,TL-DUNWI-B4H45UBUS9,2/15/2013
2/15/2013 22:23,2/15/2013,TL-DUNWI-B4H4KYK2TT,2/15/2013
2/16/2013 8:41,2/16/2013,TL-DUNWI-B4J33TCCCD,2/16/2013
2/16/2013 14:33,2/16/2013,TL-DUNWI-B4J3PRF978,2/16/2013
2/16/2013 18:34,2/16/2013,TL-DUNWI-B4J46MEVUS,2/16/2013
2/16/2013 21:43,2/16/2013,TL-DUNWI-B4J4HJJQL,2/16/2013
2/18/2013 7:22,2/18/2013,TL-DUNWI-B4L2XC6K5M,2/18/2013
2/18/2013 21:13,2/18/2013,TL-DUNWI-B4L4D54R4V,2/18/2013
2/18/2013 21:19,2/18/2013,TL-DUNWI-B4L4G6RWLB,2/18/2013
2/19/2013 7:57,2/19/2013,TL-DUNWI-B4M2ZC79DY,2/19/2013
2/19/2013 20:09,2/19/2013,TL-DUNWI-B4M4BPYEP4,2/19/2013
2/20/2013 8:18,2/20/2013,TL-DUNWI-B4N32KMSCG,2/20/2013
2/20/2013 22:23,2/20/2013,TL-DUNWI-B4N4KYVX9,2/20/2013
2/21/2013 7:42,2/21/2013,TL-DUNWI-B4P2YBUSSL,2/21/2013
2/21/2013 11:17,2/21/2013,TL-DUNWI-B4P3D3JZ8A,2/21/2013
2/21/2013 18:08,2/21/2013,TL-DUNWI-B4P456QWMH,2/21/2013
2/21/2013 21:06,2/21/2013,TL-DUNWI-B4P4FKYQB5,2/21/2013
2/22/2013 8:29,2/22/2013,TL-DUNWI-B4Q33B5KBF,2/22/2013
2/22/2013 20:05,2/22/2013,TL-DUNWI-B4Q4BV5F43,2/22/2013
2/22/2013 20:28,2/22/2013,TL-DUNWI-B4Q4DDKRF7,2/22/2013
2/23/2013 8:20,2/23/2013,TL-DUNWI-B4R32U5FS9,2/23/2013
2/23/2013 8:53,2/23/2013,TL-DUNWI-B4R34L8DX8,2/23/2013
2/23/2013 15:53,2/23/2013,TL-DUNWI-B4R3UXKB56,2/23/2013
2/24/2013 6:54,2/24/2013,TL-DUNWI-B4S2VR5TTX,2/24/2013
2/24/2013 16:39,2/24/2013,TL-DUNWI-B4S3XMR9CR,2/24/2013
2/24/2013 17:59,2/24/2013,TL-DUNWI-B4S44MGY5M,2/24/2013
2/24/2013 19:39,2/24/2013,TL-DUNWI-B4S4AE587M,2/24/2013
2/25/2013 6:48,2/25/2013,TL-DUNWI-B4T2V8YTN8,2/25/2013
2/25/2013 9:47,2/25/2013,TL-DUNWI-B4T37WZL8H,2/25/2013
2/25/2013 20:17,2/25/2013,TL-DUNWI-B4T4CLWWK4,2/25/2013
2/26/2013 8:13,2/26/2013,TL-DUNWI-B4U32D6Q6V,2/26/2013
2/26/2013 20:29,2/26/2013,TL-DUNWI-B4U4CTL2QS,2/26/2013
2/27/2013 8:46,2/27/2013,TL-DUNWI-B4V33K37TP,2/27/2013
2/27/2013 20:11,2/27/2013,TL-DUNWI-B4V4BTZNCP,2/27/2013
2/28/2013 8:18,2/28/2013,TL-DUNWI-B4W32M83S9,2/28/2013
2/28/2013 20:03,2/28/2013,TL-DUNWI-B4W4BJQNVH,2/28/2013
3/1/2013 8:26,3/1/2013,TL-DUNWI-B5332WWPVU,3/1/2013
3/1/2013 10:19,3/1/2013,TL-DUNWI-B5339L8QBY,3/1/2013
3/1/2013 21:36,3/1/2013,TL-DUNWI-B534H9WNVJ,3/1/2013
3/2/2013 8:23,3/2/2013,TL-DUNWI-B5432XFNL7,3/2/2013
3/2/2013 21:03,3/2/2013,TL-DUNWI-B544FBF2RM,3/2/2013
3/3/2013 4:06,3/3/2013,TL-DUNWI-B552KWBM6S,3/3/2013
3/3/2013 22:00,3/3/2013,TL-DUNWI-B554J5PRGL,3/3/2013
3/4/2013 7:19,3/4/2013,TL-DUNWI-B562X8RPP5,3/4/2013
3/4/2013 22:15,3/4/2013,TL-DUNWI-B564KHLTKC,3/4/2013
3/5/2013 6:39,3/5/2013,TL-DUNWI-B572UTTG9H,3/5/2013
3/5/2013 20:07,3/5/2013,TL-DUNWI-B574BU9DTB,3/5/2013
3/6/2013 6:39,3/6/2013,TL-DUNWI-B582UWMHNF,3/6/2013
3/6/2013 19:40,3/6/2013,TL-DUNWI-B584AG4GZS,3/6/2013
3/7/2013 8:31,3/7/2013,TL-DUNWI-B5933EU7RG,3/7/2013
3/7/2013 22:37,3/7/2013,TL-DUNWI-B594LUXUT6,3/7/2013
3/8/2013 7:01,3/8/2013,TL-DUNWI-B5A2VVDGZM,3/8/2013
3/8/2013 18:38,3/8/2013,TL-DUNWI-B5A46UV8LN,3/8/2013
3/8/2013 21:23,3/8/2013,TL-DUNWI-B5A4GK47MK,3/8/2013
3/9/2013 6:51,3/9/2013,TL-DUNWI-B5B2VFEWFD,3/9/2013
3/9/2013 9:14,3/9/2013,TL-DUNWI-B5B355FDNF,3/9/2013
3/9/2013 14:41,3/9/2013,TL-DUNWI-B5B3QEVEVF,3/9/2013
3/9/2013 19:09,3/9/2013,TL-DUNWI-B5B47FCWX7,3/9/2013
3/9/2013 21:42,3/9/2013,TL-DUNWI-B5B4HJKUYM,3/9/2013
3/10/2013 6:51,3/10/2013,TL-DUNWI-B5C2VG6DW7,3/10/2013
3/11/2013 7:18,3/11/2013,TL-DUNWI-B5D2WHLLWL,3/11/2013
3/11/2013 9:29,3/11/2013,TL-DUNWI-B5D36PT85C,3/11/2013
3/11/2013 22:22,3/11/2013,TL-DUNWI-B5D4KV6VL4,3/11/2013
3/12/2013 8:00,3/12/2013,TL-DUNWI-B5E2ZHRS7F,3/12/2013
3/12/2013 9:17,3/12/2013,TL-DUNWI-B5E362HEMD,3/12/2013
3/12/2013 21:31,3/12/2013,TL-DUNWI-B5E4H2MDH3,3/12/2013
3/13/2013 8:17,3/13/2013,TL-DUNWI-B5F32KCFJA,3/13/2013
3/13/2013 22:17,3/13/2013,TL-DUNWI-B5F4KPMT7C,3/13/2013
3/14/2013 20:43,3/14/2013,TL-DUNWI-B5G4E5LLJ4,3/14/2013
3/15/2013 8:11,3/15/2013,TL-DUNWI-B5H32AZ23T,3/15/2013
3/15/2013 19:40,3/15/2013,TL-DUNWI-B5H4AHSSWM,3/15/2013
3/16/2013 7:05,3/16/2013,TL-DUNWI-B5J2WE5CG,3/16/2013
3/16/2013 10:34,3/16/2013,TL-DUNWI-B5J3AF29KT,3/16/2013
3/16/2013 12:23,3/16/2013,TL-DUNWI-B5J3GYSPB6,3/16/2013
3/16/2013 21:06,3/16/2013,TL-DUNWI-B5J4FJDQ6F,3/16/2013
3/17/2013 8:52,3/17/2013,TL-DUNWI-B5K345CZ6D,3/17/2013
3/18/2013 6:21,3/18/2013,TL-DUNWI-B5L2TUK4CU,3/18/2013
3/18/2013 20:40,3/18/2013,TL-DUNWI-B5L4DY6XGM,3/18/2013
3/18/2013 22:20,3/18/2013,TL-DUNWI-B5L4KWZMPG,3/18/2013
3/19/2013 20:27,3/19/2013,TL-DUNWI-B5M4DBR45P,3/19/2013
3/19/2013 22:02,3/19/2013,TL-DUNWI-B5M4JEUC78,3/19/2013
3/20/2013 8:33,3/20/2013,TL-DUNWI-B5N33GPNVY,3/20/2013
3/20/2013 19:55,3/20/2013,TL-DUNWI-B5N4BDTCBP,3/20/2013
3/21/2013 20:20,3/21/2013,TL-DUNWI-B5P4CUKDP5,3/21/2013
3/22/2013 15:31,3/22/2013,TL-DUNWI-B5Q3TWQML5,3/22/2013
3/22/2013 21:35,3/22/2013,TL-DUNWI-B5Q4H6YWQ4,3/22/2013
3/23/2013 6:05,3/23/2013,TL-DUNWI-B5R2SVTU3D,3/23/2013
3/23/2013 14:51,3/23/2013,TL-DUNWI-B5R3RLS555,3/23/2013
3/23/2013 18:05,3/23/2013,TL-DUNWI-B5R44TASYH,3/23/2013
3/23/2013 20:57,3/23/2013,TL-DUNWI-B5R4ERPGJV,3/23/2013
3/24/2013 8:23,3/24/2013,TL-DUNWI-B5S32X9LEM,3/24/2013
3/24/2013 13:58,3/24/2013,TL-DUNWI-B5S3NJKDBD,3/24/2013
3/24/2013 22:30,3/24/2013,TL-DUNWI-B5S4LDW6GZ,3/24/2013
3/25/2013 6:59,3/25/2013,TL-DUNWI-B5T2VSYF4K,3/25/2013
3/25/2013 22:09,3/25/2013,TL-DUNWI-B5T4K4BP5H,3/25/2013
3/26/2013 8:30,3/26/2013,TL-DUNWI-B5U33AF33Y,3/26/2013
3/26/2013 21:23,3/26/2013,TL-DUNWI-B5U4GLHJSJ,3/26/2013
3/28/2013 6:04,3/28/2013,TL-DUNWI-B5W2STJBKC,3/28/2013
3/28/2013 21:22,3/28/2013,TL-DUNWI-B5W4GMBJ7F,3/28/2013
3/29/2013 7:31,3/29/2013,TL-DUNWI-B5X2XVVPQ6,3/29/2013
3/29/2013 14:34,3/29/2013,TL-DUNWI-B5X3QKXB6Q,3/29/2013
3/29/2013 16:23,3/29/2013,TL-DUNWI-B5X3WYTC3V,3/29/2013
3/29/2013 20:56,3/29/2013,TL-DUNWI-B5X4EQCD4R,3/29/2013
3/30/2013 6:46,3/30/2013,TL-DUNWI-B5Y2VBJACB,3/30/2013
3/30/2013 11:34,3/30/2013,TL-DUNWI-B5Y3DYFNUL,3/30/2013
3/31/2013 6:56,3/31/2013,TL-DUNWI-B5Z2VX5TSC,3/31/2013
3/31/2013 20:34,3/31/2013,TL-DUNWI-B5Z4DDX88K,3/31/2013
4/1/2013 6:55,4/1/2013,TL-DUNWI-B632VU6UHT,4/1/2013
4/1/2013 8:45,4/1/2013,TL-DUNWI-B633447JK9,4/1/2013
4/1/2013 19:51,4/1/2013,TL-DUNWI-B634AZR466,4/1/2013
4/2/2013 7:01,4/2/2013,TL-DUNWI-B642W529M9,4/2/2013
4/2/2013 19:55,4/2/2013,TL-DUNWI-B644BAT5NJ,4/2/2013
4/3/2013 7:33,4/3/2013,TL-DUNWI-B652Y3LRJR,4/3/2013
4/4/2013 22:36,4/4/2013,TL-DUNWI-B664LTUTQT,4/4/2013
4/5/2013 9:16,4/5/2013,TL-DUNWI-B673638M2P,4/5/2013
4/5/2013 22:24,4/5/2013,TL-DUNWI-B674L4S2TX,4/5/2013
4/6/2013 8:06,4/6/2013,TL-DUNWI-B682ZXDDGP,4/6/2013
4/6/2013 11:53,4/6/2013,TL-DUNWI-B683F5HGXT,4/6/2013
4/6/2013 21:18,4/6/2013,TL-DUNWI-B684FNASJ,4/6/2013
4/7/2013 6:30,4/7/2013,TL-DUNWI-B692UDK99P,4/7/2013
4/7/2013 15:10,4/7/2013,TL-DUNWI-B693SGUFFP,4/7/2013
4/8/2013 6:37,4/8/2013,TL-DUNWI-B6A2US4D9Y,4/8/2013
4/8/2013 21:15,4/8/2013,TL-DUNWI-B6A4FP7J4F,4/8/2013
4/9/2013 8:20,4/9/2013,TL-DUNWI-B6B32U24ZU,4/9/2013
4/9/2013 8:41,4/9/2013,TL-DUNWI-B6B33WEXED,4/9/2013
4/9/2013 22:53,4/9/2013,TL-DUNWI-B6B4MVUEH,4/9/2013
4/10/2013 8:30,4/10/2013,TL-DUNWI-B6C33A4XHV,4/10/2013
4/10/2013 22:54,4/10/2013,TL-DUNWI-B6C4MYRQSD,4/10/2013
4/11/2013 7:33,4/11/2013,TL-DUNWI-B6D2XWL98Q,4/11/2013
4/11/2013 21:00,4/11/2013,TL-DUNWI-B6D4FAE798,4/11/2013
4/12/2013 7:40,4/12/2013,TL-DUNWI-B6E2YCBN8G,4/12/2013
4/12/2013 8:54,4/12/2013,TL-DUNWI-B6E344X5PZ,4/12/2013
4/12/2013 18:05,4/12/2013,TL-DUNWI-B6E43QFUHR,4/12/2013
4/12/2013 21:43,4/12/2013,TL-DUNWI-B6E4HLLLVD,4/12/2013
4/13/2013 7:28,4/13/2013,TL-DUNWI-B6F2XQ6VQN,4/13/2013
4/13/2013 15:35,4/13/2013,TL-DUNWI-B6F3TQ6E9,4/13/2013
4/13/2013 21:38,4/13/2013,TL-DUNWI-B6F4HJG666,4/13/2013
4/14/2013 7:35,4/14/2013,TL-DUNWI-B6G2XZRHBR,4/14/2013
4/17/2013 7:40,4/17/2013,TL-DUNWI-B6K2YHTA46,4/17/2013
4/17/2013 14:49,4/17/2013,TL-DUNWI-B6K3R82GK8,4/17/2013
4/18/2013 6:33,4/18/2013,TL-DUNWI-B6L2UJT37Z,4/18/2013
4/19/2013 6:36,4/19/2013,TL-DUNWI-B6M2UPN8GY,4/19/2013
4/19/2013 14:19,4/19/2013,TL-DUNWI-B6M3PVTGW9,4/19/2013
4/22/2013 6:13,4/22/2013,TL-DUNWI-B6Q2TF2PZ3,4/22/2013
5/5/2013 22:01,5/5/2013,TL-DUNWI-B774JAASCQ,5/5/2013
5/6/2013 6:58,5/6/2013,TL-DUNWI-B782W25AJU,5/6/2013
5/6/2013 8:43,5/6/2013,TL-DUNWI-B783469KQ9,5/6/2013
5/6/2013 20:39,5/6/2013,TL-DUNWI-B784DY4RFX,5/6/2013
5/7/2013 8:00,5/7/2013,TL-DUNWI-B792ZL89HU,5/7/2013
5/7/2013 22:08,5/7/2013,TL-DUNWI-B794K7FG63,5/7/2013
5/8/2013 7:13,5/8/2013,TL-DUNWI-B7A2WCADZ5,5/8/2013
5/8/2013 8:35,5/8/2013,TL-DUNWI-B7A33GB6ND,5/8/2013
5/8/2013 22:54,5/8/2013,TL-DUNWI-B7A4MUE9GR,5/8/2013
5/9/2013 6:47,5/9/2013,TL-DUNWI-B7B2VDQFEW,5/9/2013
5/9/2013 9:01,5/9/2013,TL-DUNWI-B7B353R97K,5/9/2013
5/9/2013 21:23,5/9/2013,TL-DUNWI-B7B4GAHDZD,5/9/2013
5/10/2013 14:25,5/10/2013,TL-DUNWI-B7C3PUWHES,5/10/2013
5/11/2013 19:33,5/11/2013,TL-DUNWI-B7D49ZXZ8C,5/11/2013
5/13/2013 8:12,5/13/2013,TL-DUNWI-B7F32AJU9V,5/13/2013
5/13/2013 8:27,5/13/2013,TL-DUNWI-B7F32YCLBC,5/13/2013
5/13/2013 20:29,5/13/2013,TL-DUNWI-B7F4DEN6UY,5/13/2013
5/13/2013 22:25,5/13/2013,TL-DUNWI-B7F4L2HYML,5/13/2013
5/14/2013 8:38,5/14/2013,TL-DUNWI-B7G33QNC2V,5/14/2013
5/15/2013 6:53,5/15/2013,TL-DUNWI-B7H2VL5HVA,5/15/2013
5/15/2013 7:00,5/15/2013,TL-DUNWI-B7H2W5A6CP,5/15/2013
5/15/2013 20:47,5/15/2013,TL-DUNWI-B7H4EFQSMZ,5/15/2013
5/15/2013 21:29,5/15/2013,TL-DUNWI-B7H4GW49XM,5/15/2013
5/15/2013 21:33,5/15/2013,TL-DUNWI-B7H4H3STYL,5/15/2013
5/16/2013 8:17,5/16/2013,TL-DUNWI-B7J32N689E,5/16/2013
5/16/2013 8:24,5/16/2013,TL-DUNWI-B7J32W68J3,5/16/2013
5/16/2013 21:35,5/16/2013,TL-DUNWI-B7J4GWWJL7,5/16/2013
5/17/2013 8:26,5/17/2013,TL-DUNWI-B7K334BRFG,5/17/2013
5/17/2013 20:26,5/17/2013,TL-DUNWI-B7K4CTS9MU,5/17/2013
5/18/2013 17:00,5/18/2013,TL-DUNWI-B7L3Z5X4KJ,5/18/2013
5/18/2013 17:02,5/18/2013,TL-DUNWI-B7L3ZCD673,5/18/2013
5/18/2013 20:55,5/18/2013,TL-DUNWI-B7L4EVCSWM,5/18/2013
5/19/2013 20:17,5/19/2013,TL-DUNWI-B7M4CJMJWG,5/19/2013
5/19/2013 21:36,5/19/2013,TL-DUNWI-B7M4H9VG7B,5/19/2013
5/20/2013 8:40,5/20/2013,TL-DUNWI-B7N33VR4TL,5/20/2013
5/20/2013 21:04,5/20/2013,TL-DUNWI-B7N4FDQLVN,5/20/2013
5/20/2013 21:14,5/20/2013,TL-DUNWI-B7N4FZV2RV,5/20/2013
5/21/2013 9:04,5/21/2013,TL-DUNWI-B7P354YGU7,5/21/2013
5/21/2013 19:50,5/21/2013,TL-DUNWI-B7P4B5RNBW,5/21/2013
5/21/2013 21:59,5/21/2013,TL-DUNWI-B7P4JM23VH,5/21/2013
5/22/2013 21:40,5/22/2013,TL-DUNWI-B7Q4HFV68T,5/22/2013
5/23/2013 8:00,5/23/2013,TL-DUNWI-B7R2ZLLQ95,5/23/2013
5/23/2013 22:37,5/23/2013,TL-DUNWI-B7R4LP59J8,5/23/2013
5/24/2013 5:42,5/24/2013,TL-DUNWI-B7S2RGZPGK,5/24/2013
5/24/2013 7:21,5/24/2013,TL-DUNWI-B7S2XB4VE,5/24/2013
5/24/2013 21:10,5/24/2013,TL-DUNWI-B7S4F92P7Y,5/24/2013
5/25/2013 5:12,5/25/2013,TL-DUNWI-B7T2PUDQB6,5/25/2013
5/25/2013 14:53,5/25/2013,TL-DUNWI-B7T3RL7VRB,5/25/2013
5/25/2013 21:27,5/25/2013,TL-DUNWI-B7T4G2M2JS,5/25/2013
5/26/2013 7:01,5/26/2013,TL-DUNWI-B7U2W2J53H,5/26/2013
5/26/2013 7:06,5/26/2013,TL-DUNWI-B7U2WDP8HZ,5/26/2013
5/26/2013 14:33,5/26/2013,TL-DUNWI-B7U3QGHN5U,5/26/2013
5/26/2013 22:11,5/26/2013,TL-DUNWI-B7U4KFYKE3,5/26/2013
5/27/2013 6:36,5/27/2013,TL-DUNWI-B7V2UQSBPK,5/27/2013
5/27/2013 12:00,5/27/2013,TL-DUNWI-B7V3FA6JTW,5/27/2013
5/27/2013 15:02,5/27/2013,TL-DUNWI-B7V3RB4RBP,5/27/2013
5/28/2013 8:12,5/28/2013,TL-DUNWI-B7W323UMKW,5/28/2013
5/28/2013 22:44,5/28/2013,TL-DUNWI-B7W4M8HVJT,5/28/2013
5/29/2013 8:10,5/29/2013,TL-DUNWI-B7X329A3EZ,5/29/2013
5/29/2013 20:15,5/29/2013,TL-DUNWI-B7X4CFJ9QA,5/29/2013
5/30/2013 8:23,5/30/2013,TL-DUNWI-B7Y32T59NK,5/30/2013
5/30/2013 20:36,5/30/2013,TL-DUNWI-B7Y4DL6QZ7,5/30/2013
5/31/2013 7:38,5/31/2013,TL-DUNWI-B7Z2YDEJVN,5/31/2013
5/31/2013 22:55,5/31/2013,TL-DUNWI-B7Z4MLWG23,5/31/2013
6/1/2013 6:46,6/1/2013,TL-DUNWI-B832V2DDV4,6/1/2013
6/1/2013 9:27,6/1/2013,TL-DUNWI-B8336NM9U6,6/1/2013
6/2/2013 20:14,6/2/2013,TL-DUNWI-B844C8D9FJ,6/2/2013
6/2/2013 21:09,6/2/2013,TL-DUNWI-B844FPPBW9,6/2/2013
6/3/2013 8:12,6/3/2013,TL-DUNWI-B85329849M,6/3/2013
6/3/2013 16:53,6/3/2013,TL-DUNWI-B853YPR8JB,6/3/2013
6/3/2013 19:42,6/3/2013,TL-DUNWI-B854AGPJZA,6/3/2013
6/4/2013 7:40,6/4/2013,TL-DUNWI-B862YGG8NT,6/4/2013
6/4/2013 7:51,6/4/2013,TL-DUNWI-B862Z4G7DU,6/4/2013
6/4/2013 20:22,6/4/2013,TL-DUNWI-B864CSBUF9,6/4/2013
6/5/2013 8:02,6/5/2013,TL-DUNWI-B872ZNVUYQ,6/5/2013
6/5/2013 20:22,6/5/2013,TL-DUNWI-B874CPPZ2B,6/5/2013
6/6/2013 7:17,6/6/2013,TL-DUNWI-B882WZC3RB,6/6/2013
6/6/2013 14:17,6/6/2013,TL-DUNWI-B883PA2FZ5,6/6/2013
6/6/2013 20:22,6/6/2013,TL-DUNWI-B884CEQEWR,6/6/2013
6/7/2013 6:27,6/7/2013,TL-DUNWI-B892TX37Y5,6/7/2013
6/7/2013 8:22,6/7/2013,TL-DUNWI-B8932UYYEC,6/7/2013
6/7/2013 20:14,6/7/2013,TL-DUNWI-B894C8796Y,6/7/2013
6/8/2013 6:43,6/8/2013,TL-DUNWI-B8A2UYVK33,6/8/2013
6/8/2013 22:31,6/8/2013,TL-DUNWI-B8A4LLWMJG,6/8/2013
6/8/2013 23:30,6/8/2013,TL-DUNWI-B8B23FXTTM,6/8/2013
6/9/2013 20:37,6/9/2013,TL-DUNWI-B8B4DCHABX,6/9/2013
6/9/2013 20:52,6/9/2013,TL-DUNWI-B8B4EKYJH8,6/9/2013
6/10/2013 6:26,6/10/2013,TL-DUNWI-B8C2TZM9K5,6/10/2013
6/10/2013 19:56,6/10/2013,TL-DUNWI-B8C4AZWKZQ,6/10/2013
6/11/2013 7:48,6/11/2013,TL-DUNWI-B8D2YRSVNH,6/11/2013
6/11/2013 7:49,6/11/2013,TL-DUNWI-B8D2YYWQXR,6/11/2013
6/11/2013 8:04,6/11/2013,TL-DUNWI-B8D2ZS9RWL,6/11/2013
6/11/2013 23:14,6/11/2013,TL-DUNWI-B8E22L4TXX,6/11/2013
6/12/2013 8:05,6/12/2013,TL-DUNWI-B8E2ZXG5WP,6/12/2013
6/12/2013 21:06,6/12/2013,TL-DUNWI-B8E4FDTTSP,6/12/2013
6/13/2013 20:46,6/13/2013,TL-DUNWI-B8F4DYDSBT,6/13/2013
6/14/2013 7:55,6/14/2013,TL-DUNWI-B8G2Z9TC7,6/14/2013
6/15/2013 6:34,6/15/2013,TL-DUNWI-B8H2ULQVQF,6/15/2013
6/15/2013 8:31,6/15/2013,TL-DUNWI-B8H332JBPZ,6/15/2013
6/15/2013 20:20,6/15/2013,TL-DUNWI-B8H4CM6ANP,6/15/2013
6/16/2013 6:50,6/16/2013,TL-DUNWI-B8J2VKD26R,6/16/2013
6/16/2013 19:51,6/16/2013,TL-DUNWI-B8J4AQHL4N,6/16/2013
6/17/2013 20:21,6/17/2013,TL-DUNWI-B8K4CWF3NC,6/17/2013
6/17/2013 21:34,6/17/2013,TL-DUNWI-B8K4GYM44P,6/17/2013
6/17/2013 22:08,6/17/2013,TL-DUNWI-B8K4K5XA5J,6/17/2013
6/17/2013 22:10,6/17/2013,TL-DUNWI-B8K4KDEM54,6/17/2013
6/18/2013 20:05,6/18/2013,TL-DUNWI-B8L4AYA5YY,6/18/2013
6/18/2013 22:56,6/18/2013,TL-DUNWI-B8L4MN3RY9,6/18/2013
6/19/2013 8:36,6/19/2013,TL-DUNWI-B8M33KJWC8,6/19/2013
6/19/2013 20:52,6/19/2013,TL-DUNWI-B8M4ESXKMF,6/19/2013
6/20/2013 7:37,6/20/2013,TL-DUNWI-B8N2Y82BKN,6/20/2013
6/21/2013 7:54,6/21/2013,TL-DUNWI-B8P2Z6TYZX,6/21/2013
6/21/2013 10:55,6/21/2013,TL-DUNWI-B8P3BSRGUE,6/21/2013
6/21/2013 20:05,6/21/2013,TL-DUNWI-B8P4C243EE,6/21/2013
6/22/2013 22:27,6/22/2013,TL-DUNWI-B8Q4JS2B4S,6/22/2013
6/22/2013 23:02,6/22/2013,TL-DUNWI-B8Q4NCD827,6/22/2013
6/23/2013 6:31,6/23/2013,TL-DUNWI-B8R2UBN9WV,6/23/2013
6/23/2013 19:54,6/23/2013,TL-DUNWI-B8R4BGBDXL,6/23/2013
6/23/2013 22:06,6/23/2013,TL-DUNWI-B8R4JTR97Z,6/23/2013
6/24/2013 7:42,6/24/2013,TL-DUNWI-B8S2YFYXXV,6/24/2013
6/24/2013 9:02,6/24/2013,TL-DUNWI-B8S34WDVA9,6/24/2013
6/24/2013 22:43,6/24/2013,TL-DUNWI-B8S4M42L3Y,6/24/2013
6/25/2013 7:57,6/25/2013,TL-DUNWI-B8T2ZE6AEM,6/25/2013
6/25/2013 15:41,6/25/2013,TL-DUNWI-B8T3UJYNWG,6/25/2013
6/25/2013 22:48,6/25/2013,TL-DUNWI-B8T4MJDRFZ,6/25/2013
6/26/2013 7:51,6/26/2013,TL-DUNWI-B8U2Z44K4P,6/26/2013
6/26/2013 22:04,6/26/2013,TL-DUNWI-B8U4JNM5ZF,6/26/2013
6/27/2013 8:06,6/27/2013,TL-DUNWI-B8V2ZXN2V6,6/27/2013
6/27/2013 20:39,6/27/2013,TL-DUNWI-B8V4DV7TEX,6/27/2013
6/28/2013 6:46,6/28/2013,TL-DUNWI-B8W2VBBJTR,6/28/2013
6/28/2013 19:56,6/28/2013,TL-DUNWI-B8W4BD7X3K,6/28/2013
6/29/2013 6:44,6/29/2013,TL-DUNWI-B8X2V4492Y,6/29/2013
6/29/2013 9:18,6/29/2013,TL-DUNWI-B8X362MBGX,6/29/2013
6/29/2013 20:11,6/29/2013,TL-DUNWI-B8X4C2TJ7U,6/29/2013
6/30/2013 12:01,6/30/2013,TL-DUNWI-B8Y3FSXV5V,6/30/2013
6/30/2013 19:52,6/30/2013,TL-DUNWI-B8Y4AYCSH7,6/30/2013
6/30/2013 22:59,6/30/2013,TL-DUNWI-B8Y4N8WR2A,6/30/2013
7/1/2013 6:47,7/1/2013,TL-DUNWI-B932V9G3CC,7/1/2013
7/1/2013 9:01,7/1/2013,TL-DUNWI-B93344NP7E,7/1/2013
7/1/2013 22:39,7/1/2013,TL-DUNWI-B934LQNVJV,7/1/2013
7/2/2013 6:45,7/2/2013,TL-DUNWI-B942UXRK2T,7/2/2013
7/2/2013 22:36,7/2/2013,TL-DUNWI-B944LVWQAB,7/2/2013
7/3/2013 21:13,7/3/2013,TL-DUNWI-B954FT3FUQ,7/3/2013
7/4/2013 6:49,7/4/2013,TL-DUNWI-B962V92NAJ,7/4/2013
7/4/2013 8:21,7/4/2013,TL-DUNWI-B9632R6HPR,7/4/2013
7/4/2013 14:16,7/4/2013,TL-DUNWI-B963PHYL8X,7/4/2013
7/4/2013 21:46,7/4/2013,TL-DUNWI-B964HWXWM4,7/4/2013
7/5/2013 6:00,7/5/2013,TL-DUNWI-B972SJQFEJ,7/5/2013
7/5/2013 7:33,7/5/2013,TL-DUNWI-B972Y29JVT,7/5/2013
7/5/2013 21:06,7/5/2013,TL-DUNWI-B974FK2THB,7/5/2013
7/6/2013 7:33,7/6/2013,TL-DUNWI-B982XWBMT8,7/6/2013
7/6/2013 22:01,7/6/2013,TL-DUNWI-B984HXMFJU,7/6/2013
7/6/2013 22:05,7/6/2013,TL-DUNWI-B984JXYFCC,7/6/2013
7/7/2013 6:57,7/7/2013,TL-DUNWI-B992VY2SYY,7/7/2013
7/7/2013 7:29,7/7/2013,TL-DUNWI-B992XAQ8E4,7/7/2013
7/7/2013 14:13,7/7/2013,TL-DUNWI-B993PEHSYH,7/7/2013
7/7/2013 22:38,7/7/2013,TL-DUNWI-B994LW77ZX,7/7/2013
7/8/2013 20:43,7/8/2013,TL-DUNWI-B9A4EAALPK,7/8/2013
7/9/2013 5:59,7/9/2013,TL-DUNWI-B9B2SGWMLY,7/9/2013
7/9/2013 8:49,7/9/2013,TL-DUNWI-B9B34AFZ4,7/9/2013
7/10/2013 8:02,7/10/2013,TL-DUNWI-B9C2ZKPTDR,7/10/2013
7/11/2013 7:59,7/11/2013,TL-DUNWI-B9D2ZBGYXT,7/11/2013
7/11/2013 9:37,7/11/2013,TL-DUNWI-B9D36LWQDL,7/11/2013
7/11/2013 21:12,7/11/2013,TL-DUNWI-B9D4FXJ5VN,7/11/2013
7/12/2013 8:05,7/12/2013,TL-DUNWI-B9E2ZL6R7J,7/12/2013
7/12/2013 21:01,7/12/2013,TL-DUNWI-B9E4FAZJ57,7/12/2013
7/13/2013 6:38,7/13/2013,TL-DUNWI-B9F2USGASQ,7/13/2013
7/13/2013 8:58,7/13/2013,TL-DUNWI-B9F34UYNY4,7/13/2013
7/13/2013 23:10,7/13/2013,TL-DUNWI-B9G22FYYED,7/13/2013
7/14/2013 6:17,7/14/2013,TL-DUNWI-B9G2TLYQA7,7/14/2013
7/14/2013 14:25,7/14/2013,TL-DUNWI-B9G3PTAUB6,7/14/2013
7/14/2013 21:06,7/14/2013,TL-DUNWI-B9G4FJ5HMW,7/14/2013
7/15/2013 20:45,7/15/2013,TL-DUNWI-B9H4EE5UNE,7/15/2013
7/16/2013 9:32,7/16/2013,TL-DUNWI-B9J36NAF7H,7/16/2013
7/16/2013 22:45,7/16/2013,TL-DUNWI-B9J4MF88XF,7/16/2013
7/17/2013 8:52,7/17/2013,TL-DUNWI-B9K34FXBBZ,7/17/2013
7/17/2013 21:35,7/17/2013,TL-DUNWI-B9K4H7KG45,7/17/2013
7/18/2013 7:19,7/18/2013,TL-DUNWI-B9L2X4QLLZ,7/18/2013
7/19/2013 13:13,7/19/2013,TL-DUNWI-B9M3KWCL4J,7/19/2013
7/19/2013 13:27,7/19/2013,TL-DUNWI-B9M3LFX92K,7/19/2013
7/19/2013 20:29,7/19/2013,TL-DUNWI-B9M4DFVECD,7/19/2013
7/20/2013 6:40,7/20/2013,TL-DUNWI-B9N2UT2PL,7/20/2013
7/20/2013 19:46,7/20/2013,TL-DUNWI-B9N4AZVKRZ,7/20/2013
7/21/2013 6:56,7/21/2013,TL-DUNWI-B9P2VSTUSA,7/21/2013
7/21/2013 13:27,7/21/2013,TL-DUNWI-B9P3LJPN27,7/21/2013
7/21/2013 13:29,7/21/2013,TL-DUNWI-B9P3LWVKMP,7/21/2013
7/21/2013 22:45,7/21/2013,TL-DUNWI-B9P4MD7WWT,7/21/2013
7/22/2013 7:48,7/22/2013,TL-DUNWI-B9Q2YLR2FD,7/22/2013
7/22/2013 21:09,7/22/2013,TL-DUNWI-B9Q4FSLYB6,7/22/2013
7/23/2013 7:53,7/23/2013,TL-DUNWI-B9R2YXNF5W,7/23/2013
7/23/2013 9:06,7/23/2013,TL-DUNWI-B9R34PRW4Y,7/23/2013
7/24/2013 9:15,7/24/2013,TL-DUNWI-B9S35W62HR,7/24/2013
7/24/2013 10:01,7/24/2013,TL-DUNWI-B9S385WDJF,7/24/2013
7/25/2013 7:17,7/25/2013,TL-DUNWI-B9T2WZ3GRB,7/25/2013
7/25/2013 22:16,7/25/2013,TL-DUNWI-B9T4KPALNU,7/25/2013
7/26/2013 7:48,7/26/2013,TL-DUNWI-B9U2YPFEJM,7/26/2013
7/26/2013 10:07,7/26/2013,TL-DUNWI-B9U38LLJK3,7/26/2013
7/27/2013 19:55,7/27/2013,TL-DUNWI-B9V4BDA9R55W3,7/27/2013
7/28/2013 6:48,7/28/2013,TL-DUNWI-B9W2V9NA755WQ,7/28/2013
7/28/2013 14:39,7/28/2013,TL-DUNWI-B9W3QUEA655WA,7/28/2013
7/28/2013 22:13,7/28/2013,TL-DUNWI-B9W4KDYE582X4,7/28/2013
7/29/2013 7:28,7/29/2013,TL-DUNWI-B9X2XMW5H8VV,7/29/2013
7/29/2013 21:14,7/29/2013,TL-DUNWI-B9X4G6BQGXBUP,7/29/2013
7/30/2013 7:56,7/30/2013,TL-DUNWI-B9Y2ZDBEE82X4,7/30/2013
7/31/2013 8:43,7/31/2013,TL-DUNWI-B9Z4NNRY455WJ,7/31/2013
7/31/2013 22:52,7/31/2013,TL-DUNWI-B9Z4PMRYR8VL,7/31/2013
8/1/2013 7:25,8/1/2013,TL-DUNWI-BA34PV3ZS55WS,8/1/2013
8/1/2013 20:57,8/1/2013,TL-DUNWI-BA34QURZN8VY,8/1/2013
8/2/2013 7:42,8/2/2013,TL-DUNWI-BA44R5GZG82XG,8/2/2013
8/2/2013 20:25,8/2/2013,TL-DUNWI-BA44RZJZF8V7,8/2/2013
8/3/2013 7:09,8/3/2013,TL-DUNWI-BA54SAARS8VJ,8/3/2013
8/3/2013 14:44,8/3/2013,TL-DUNWI-BA54SCPYVXBUJ,8/3/2013
8/3/2013 21:49,8/3/2013,TL-DUNWI-BA54SNKZE55WQ,8/3/2013
8/5/2013 7:27,8/5/2013,TL-DUNWI-BA72XM9GJXBUY,8/5/2013
8/5/2013 21:02,8/5/2013,TL-DUNWI-BA74FDLTH55WJ,8/5/2013
8/6/2013 7:02,8/6/2013,TL-DUNWI-BA84NJMLCXBUJ,8/6/2013
8/6/2013 7:27,8/6/2013,TL-DUNWI-BA84NKQZF55WP,8/6/2013
8/6/2013 22:22,8/6/2013,TL-DUNWI-BA84PMASP82XG,8/6/2013
8/7/2013 6:45,8/7/2013,TL-DUNWI-BA94PQ6XWXBU3,8/7/2013
8/7/2013 9:13,8/7/2013,TL-DUNWI-BA94PVKZ58VT,8/7/2013
8/7/2013 23:02,8/7/2013,TL-DUNWI-BA94QVMZS82XU,8/7/2013
8/8/2013 6:46,8/8/2013,TL-DUNWI-BAA4NHYZR8VT,8/8/2013
8/8/2013 9:22,8/8/2013,TL-DUNWI-BAA4NNYZZ8V9,8/8/2013
8/8/2013 21:23,8/8/2013,TL-DUNWI-BAA4PEPZL8VE,8/8/2013
8/9/2013 6:40,8/9/2013,TL-DUNWI-BAB4S4SWFXBUJ,8/9/2013
8/9/2013 22:14,8/9/2013,TL-DUNWI-BAB4SYVZCXBUX,8/9/2013
8/10/2013 6:47,8/10/2013,TL-DUNWI-BAC4T85ZT55W5,8/10/2013
8/10/2013 21:26,8/10/2013,TL-DUNWI-BAC4TNEYV55WP,8/10/2013
8/11/2013 6:43,8/11/2013,TL-DUNWI-BAD4RF6RA8VX,8/11/2013
8/11/2013 10:30,8/11/2013,TL-DUNWI-BAD4TV3ZTXBUY,8/11/2013
8/11/2013 21:15,8/11/2013,TL-DUNWI-BAD4RX6YW8VJ,8/11/2013
8/12/2013 7:44,8/12/2013,TL-DUNWI-BAE4UKGWS55WW,8/12/2013
8/12/2013 15:04,8/12/2013,TL-DUNWI-BAE4V3GYD55WT,8/12/2013
8/13/2013 11:43,8/13/2013,TL-DUNWI-BAF4TMCYK8V3,8/13/2013
8/14/2013 6:47,8/14/2013,TL-DUNWI-BAG4WUJNT55WX,8/14/2013
8/14/2013 9:43,8/14/2013,TL-DUNWI-BAG4UMVYX8VK,8/14/2013
8/14/2013 20:58,8/14/2013,TL-DUNWI-BAG4XY4TW82X7,8/14/2013
8/15/2013 6:52,8/15/2013,TL-DUNWI-BAH4VKFYZ8VF,8/15/2013
8/15/2013 21:01,8/15/2013,TL-DUNWI-BAH4YTWXE55WG,8/15/2013
8/16/2013 6:36,8/16/2013,TL-DUNWI-BAJ4Z3LYV55W3,8/16/2013
8/16/2013 20:57,8/16/2013,TL-DUNWI-BAJ4XH5Z78VP,8/16/2013
8/17/2013 15:05,8/17/2013,TL-DUNWI-BAK52BKZQ55W5,8/17/2013
8/18/2013 22:41,8/18/2013,TL-DUNWI-BAL5397YT55WC,8/18/2013
8/19/2013 7:13,8/19/2013,TL-DUNWI-BAM2WQ9G282XU,8/19/2013
8/19/2013 14:43,8/19/2013,TL-DUNWI-BAM3R3RLJ82XP,8/19/2013
8/20/2013 6:56,8/20/2013,TL-DUNWI-BAN4NJVYH55WP,8/20/2013
8/20/2013 13:28,8/20/2013,TL-DUNWI-BAN4NXWZ882XA,8/20/2013
8/20/2013 22:38,8/20/2013,TL-DUNWI-BAN4PKNU4XBU,8/20/2013
8/21/2013 6:51,8/21/2013,TL-DUNWI-BAP4PR6ZS82XU,8/21/2013
8/21/2013 13:59,8/21/2013,TL-DUNWI-BAP4Q58ZR8VD,8/21/2013
8/21/2013 22:33,8/21/2013,TL-DUNWI-BAP4QNHZ98VM,8/21/2013
8/22/2013 7:32,8/22/2013,TL-DUNWI-BAQ4QVDXNXBUC,8/22/2013
8/23/2013 6:48,8/23/2013,TL-DUNWI-BAR4S3RUM82XP,8/23/2013
8/23/2013 9:45,8/23/2013,TL-DUNWI-BAR4S73W78VY,8/23/2013
8/23/2013 21:07,8/23/2013,TL-DUNWI-BAR4SSWYQ8VM,8/23/2013
8/24/2013 6:52,8/24/2013,TL-DUNWI-BAS4SZTY955WR,8/24/2013
8/24/2013 13:47,8/24/2013,TL-DUNWI-BAS4T9BZ682X6,8/24/2013
8/24/2013 21:24,8/24/2013,TL-DUNWI-BAS4TDWYPXBUK,8/24/2013
8/24/2013 21:32,8/24/2013,TL-DUNWI-BAS4TDYZBXBUW,8/24/2013
8/25/2013 6:51,8/25/2013,TL-DUNWI-BAT2V8G9DWXU,8/25/2013
8/25/2013 9:13,8/25/2013,TL-DUNWI-BAT35R3Q97NXH,8/25/2013
8/25/2013 20:05,8/25/2013,TL-DUNWI-BAT4BUC7MWXUY,8/25/2013
8/26/2013 6:38,8/26/2013,TL-DUNWI-BAU4NJ9Z24RW3,8/26/2013
8/26/2013 20:52,8/26/2013,TL-DUNWI-BAU4PE7ZHZUVY,8/26/2013
8/27/2013 8:05,8/27/2013,TL-DUNWI-BAV4PT8W54RWU,8/27/2013
8/28/2013 6:43,8/28/2013,TL-DUNWI-BAW4QUPYX7NX9,8/28/2013
8/29/2013 7:39,8/29/2013,TL-DUNWI-BAX4RYTZ8ZUVW,8/29/2013
8/29/2013 7:52,8/29/2013,TL-DUNWI-BAX4S3VXB4RWK,8/29/2013
8/29/2013 7:54,8/29/2013,TL-DUNWI-BAX4S47VT4RWJ,8/29/2013
8/29/2013 9:16,8/29/2013,TL-DUNWI-BAX4S6ZW34RW3,8/29/2013
8/29/2013 10:06,8/29/2013,TL-DUNWI-BAX4S79Z47NXX,8/29/2013
8/29/2013 22:46,8/29/2013,TL-DUNWI-BAX4SV3ZNZUV7,8/29/2013
8/30/2013 6:40,8/30/2013,TL-DUNWI-BAY4T6DCY7NX7,8/30/2013
8/30/2013 22:42,8/30/2013,TL-DUNWI-BAY4U3TZXWXUR,8/30/2013
8/31/2013 7:05,8/31/2013,TL-DUNWI-BAZ4U8HYDWXUD,8/31/2013
9/1/2013 6:48,9/1/2013,TL-DUNWI-BB34USJZ4ZUV5,9/1/2013
9/1/2013 19:40,9/1/2013,TL-DUNWI-BB34VBX6UWXUM,9/1/2013
9/2/2013 6:32,9/2/2013,TL-DUNWI-BB44VGWZWZUVM,9/2/2013
9/2/2013 20:36,9/2/2013,TL-DUNWI-BB44VZVZ5ZUVE,9/2/2013
9/3/2013 21:47,9/3/2013,TL-DUNWI-BB54XLUWS7NXT,9/3/2013
9/3/2013 21:56,9/3/2013,TL-DUNWI-BB54XMAZ67NXV,9/3/2013
9/4/2013 7:24,9/4/2013,TL-DUNWI-BB64XU6WJWXUW,9/4/2013
9/4/2013 20:24,9/4/2013,TL-DUNWI-BB64YTQZK4RWG,9/4/2013
9/5/2013 7:48,9/5/2013,TL-DUNWI-BB74Z2WZ7ZUVV,9/5/2013
9/5/2013 22:56,9/5/2013,TL-DUNWI-BB7524LZZZUVU,9/5/2013
9/6/2013 7:43,9/6/2013,TL-DUNWI-BB82YH44J4RWV,9/6/2013
9/6/2013 22:43,9/6/2013,TL-DUNWI-BB84MCU9E4RW9,9/6/2013
9/7/2013 6:55,9/7/2013,TL-DUNWI-BB953DUXA7NXD,9/7/2013
9/7/2013 19:52,9/7/2013,TL-DUNWI-BB953UFZRWXUA,9/7/2013
9/8/2013 6:48,9/8/2013,TL-DUNWI-BBA2VCRB5XBUW,9/8/2013
9/8/2013 21:58,9/8/2013,TL-DUNWI-BBA4JKKLB55WW,9/8/2013
9/9/2013 8:25,9/9/2013,TL-DUNWI-BBB4NNGYT55WA,9/9/2013
9/9/2013 22:29,9/9/2013,TL-DUNWI-BBB4PLUZE8VJ,9/9/2013
9/10/2013 8:13,9/10/2013,TL-DUNWI-BBC4PV8Y88VT,9/10/2013
9/10/2013 19:44,9/10/2013,TL-DUNWI-BBC4QLQZ482XR,9/10/2013
9/11/2013 7:26,9/11/2013,TL-DUNWI-BBD4QZKZU82X5,9/11/2013
9/11/2013 20:31,9/11/2013,TL-DUNWI-BBD4RVNZ58VE,9/11/2013
9/12/2013 6:32,9/12/2013,TL-DUNWI-BBE4S7CZG8V,9/12/2013
9/12/2013 23:43,9/12/2013,TL-DUNWI-BBF4T6FZN55WW,9/12/2013
9/13/2013 6:37,9/13/2013,TL-DUNWI-BBF4TC5ZG8VP,9/13/2013
9/14/2013 20:00,9/14/2013,TL-DUNWI-BBG4R9YZAXBUK,9/14/2013
9/15/2013 6:56,9/15/2013,TL-DUNWI-BBH2VSJKR55W9,9/15/2013
9/15/2013 6:59,9/15/2013,TL-DUNWI-BBH2VZUW255W,9/15/2013
9/16/2013 7:42,9/16/2013,TL-DUNWI-BBJ4NLLXN55WP,9/16/2013
9/16/2013 22:36,9/16/2013,TL-DUNWI-BBJ4PKUZH55WW,9/16/2013
9/16/2013 23:17,9/16/2013,TL-DUNWI-BBK4PLJYM82XC,9/16/2013
9/16/2013 23:39,9/16/2013,TL-DUNWI-BBK4PLUYU82X6,9/16/2013
9/17/2013 22:39,9/17/2013,TL-DUNWI-BBK4QSPYR55W7,9/17/2013
9/18/2013 6:47,9/18/2013,TL-DUNWI-BBL2VBG4S55WA,9/18/2013
9/18/2013 20:39,9/18/2013,TL-DUNWI-BBL4DVZ838V9,9/18/2013
9/19/2013 6:41,9/19/2013,TL-DUNWI-BBM4NK6YZ55W5,9/19/2013
9/19/2013 21:35,9/19/2013,TL-DUNWI-BBM4PHLYP55W8,9/19/2013
9/20/2013 6:34,9/20/2013,TL-DUNWI-BBN4PR9YQ82XC,9/20/2013
9/21/2013 7:58,9/21/2013,TL-DUNWI-BBP4QT2YR55W4,9/21/2013
9/21/2013 22:46,9/21/2013,TL-DUNWI-BBP4RAQZW55W8,9/21/2013
9/22/2013 6:47,9/22/2013,TL-DUNWI-BBQ2VBGHMXBUZ,9/22/2013
9/22/2013 21:11,9/22/2013,TL-DUNWI-BBQ4FXXG7XBU4,9/22/2013
9/23/2013 7:40,9/23/2013,TL-DUNWI-BBR4NL9ZZ82XD,9/23/2013
9/23/2013 22:49,9/23/2013,TL-DUNWI-BBR4PJPZ255WB,9/23/2013
9/24/2013 8:31,9/24/2013,TL-DUNWI-BBS4PUJZW82XY,9/24/2013
9/24/2013 20:36,9/24/2013,TL-DUNWI-BBS4QLAH755WB,9/24/2013
9/25/2013 8:07,9/25/2013,TL-DUNWI-BBT4QYWZZ82XG,9/25/2013
9/26/2013 6:34,9/26/2013,TL-DUNWI-BBU4S3AYS82XC,9/26/2013
9/26/2013 22:23,9/26/2013,TL-DUNWI-BBU4T42WJ8VW,9/26/2013
9/27/2013 7:46,9/27/2013,TL-DUNWI-BBV4TBAZR55WR,9/27/2013
9/27/2013 22:46,9/27/2013,TL-DUNWI-BBV4U7PZ855WK,9/27/2013
9/28/2013 6:48,9/28/2013,TL-DUNWI-BBW4UBSYUXBUE,9/28/2013
9/28/2013 9:37,9/28/2013,TL-DUNWI-BBW4UF6ZS55WT,9/28/2013
9/28/2013 22:25,9/28/2013,TL-DUNWI-BBW4UVPYJXBUQ,9/28/2013
9/29/2013 6:49,9/29/2013,TL-DUNWI-BBX2VHDUXXBUW,9/29/2013
9/29/2013 15:37,9/29/2013,TL-DUNWI-BBX3UBLB2XBUJ,9/29/2013
9/29/2013 22:21,9/29/2013,TL-DUNWI-BBX4L3GXKXBUD,9/29/2013
9/30/2013 8:07,9/30/2013,TL-DUNWI-BBY4NN6XW82XM,9/30/2013
9/30/2013 22:32,9/30/2013,TL-DUNWI-BBY4PSNZT82XA,9/30/2013
10/1/2013 16:19,10/1/2013,TL-DUNWI-BC34QRFZWXBUE,10/1/2013
10/1/2013 22:51,10/1/2013,TL-DUNWI-BC34R5XZ7XBU8,10/1/2013
06/25/2014 02:07 AM,06/25/2014,TL-SQANY-C8T2SY8ZRDF7N,06/25/2014
10/2/2013 6:52,10/2/2013,TL-DUNWI-BC44RFKYF55WD,10/2/2013
10/2/2013 22:45,10/2/2013,TL-DUNWI-BC44SGTU6XBUS,10/2/2013
10/3/2013 6:48,10/3/2013,TL-DUNWI-BC54PVSZD8VM,10/3/2013
10/3/2013 22:49,10/3/2013,TL-DUNWI-BC54TTCZT55W4,10/3/2013
10/4/2013 8:22,10/4/2013,TL-DUNWI-BC64U2QZJ82XF,10/4/2013
10/4/2013 23:13,10/4/2013,TL-DUNWI-BC74UYDYSXBUN,10/4/2013
10/5/2013 7:48,10/5/2013,TL-DUNWI-BC74SCHYX8VD,10/5/2013
10/5/2013 14:40,10/5/2013,TL-DUNWI-BC74VH6ZB55WY,10/5/2013
10/5/2013 22:40,10/5/2013,TL-DUNWI-BC74SVEZ78V9,10/5/2013
10/6/2013 7:03,10/6/2013,TL-DUNWI-BC82W8EAJ4RWX,10/6/2013
10/6/2013 20:41,10/6/2013,TL-DUNWI-BC84E5GGC4RWU,10/6/2013
10/7/2013 8:00,10/7/2013,TL-DUNWI-BC94NMDZS7NXY,10/7/2013
10/7/2013 22:35,10/7/2013,TL-DUNWI-BC94PNDZ2ZUVR,10/7/2013
10/8/2013 8:05,10/8/2013,TL-DUNWI-BCA4Q3DZ8ZUVB,10/8/2013
10/8/2013 20:38,10/8/2013,TL-DUNWI-BCA4QRDY84RW,10/8/2013
10/9/2013 7:57,10/9/2013,TL-DUNWI-BCB2ZC7SSWXUK,10/9/2013
10/9/2013 18:02,10/9/2013,TL-DUNWI-BCB44N3K7WXU4,10/9/2013
10/9/2013 22:31,10/9/2013,TL-DUNWI-BCB4L6U6JZUVB,10/9/2013
10/10/2013 6:44,10/10/2013,TL-DUNWI-BCC4NJYZQ7NXV,10/10/2013
10/10/2013 19:13,10/10/2013,TL-DUNWI-BCC4PCZXAZUVW,10/10/2013
10/10/2013 22:48,10/10/2013,TL-DUNWI-BCC4PNDYY4RWN,10/10/2013
10/11/2013 14:35,10/11/2013,TL-DUNWI-BCD4P3FZZWXUR,10/11/2013
10/12/2013 22:58,10/12/2013,TL-DUNWI-BCE4RJDUL4RW,10/12/2013
10/13/2013 6:53,10/13/2013,TL-DUNWI-BCF4QD5ZFWXUF,10/13/2013
10/13/2013 15:46,10/13/2013,TL-DUNWI-BCF4RXBYR4RW,10/13/2013
10/13/2013 22:31,10/13/2013,TL-DUNWI-BCF4S96ZR4RWX,10/13/2013
10/14/2013 8:20,10/14/2013,TL-DUNWI-BCG4SHNZV4RWX,10/14/2013
10/14/2013 22:02,10/14/2013,TL-DUNWI-BCG4T5ZZ97NXM,10/14/2013
10/15/2013 8:25,10/15/2013,TL-DUNWI-BCH4TFBYG7NXJ,10/15/2013
10/15/2013 22:46,10/15/2013,TL-DUNWI-BCH4TFSZ3WXU3,10/15/2013
10/16/2013 6:53,10/16/2013,TL-DUNWI-BCJ4TMHM9WXUM,10/16/2013
10/17/2013 21:52,10/17/2013,TL-DUNWI-BCK4WU9ZX7NXS,10/17/2013
10/18/2013 7:58,10/18/2013,TL-DUNWI-BCL4XBMZKZUVK,10/18/2013
10/18/2013 13:13,10/18/2013,TL-DUNWI-BCL4XMNXZ4RWG,10/18/2013
10/18/2013 20:56,10/18/2013,TL-DUNWI-BCL4XVQZD7NXB,10/18/2013
10/19/2013 22:01,10/19/2013,TL-DUNWI-BCM4XRUYLWXUE,10/19/2013
10/19/2013 23:19,10/19/2013,TL-DUNWI-BCN4YVSXH4RWB,10/19/2013
10/20/2013 22:03,10/20/2013,TL-DUNWI-BCN4JUKLM55WT,10/20/2013
10/20/2013 23:13,10/20/2013,TL-DUNWI-BCP4NE5YERHS,10/20/2013
10/21/2013 6:55,10/21/2013,TL-DUNWI-BCP4NHJWV55WV,10/21/2013
10/21/2013 21:30,10/21/2013,TL-DUNWI-BCP4P5KPJ8V5,10/21/2013
10/22/2013 8:09,10/22/2013,TL-DUNWI-BCQ4PE7YW82XE,10/22/2013
10/22/2013 22:33,10/22/2013,TL-DUNWI-BCQ4PYXZMRHSX,10/22/2013
10/23/2013 6:54,10/23/2013,TL-DUNWI-BCR4Q58XW8V5,10/23/2013
10/23/2013 22:47,10/23/2013,TL-DUNWI-BCR4QU6ZNRHSP,10/23/2013
10/24/2013 6:57,10/24/2013,TL-DUNWI-BCS4QWZTU82XM,10/24/2013
10/24/2013 22:44,10/24/2013,TL-DUNWI-BCS4RMCZL8VW,10/24/2013
10/25/2013 6:56,10/25/2013,TL-DUNWI-BCT4RR7UAUETK,10/25/2013
10/25/2013 22:39,10/25/2013,TL-DUNWI-BCT4SC7YX55WN,10/25/2013
10/26/2013 6:49,10/26/2013,TL-DUNWI-BCU4SF7ZP8VV,10/26/2013
10/28/2013 7:02,10/28/2013,TL-DUNWI-BCW4TGBZ3XBUV,10/28/2013
10/28/2013 22:21,10/28/2013,TL-DUNWI-BCW4U4BZS55WT,10/28/2013
10/29/2013 8:55,10/29/2013,TL-DUNWI-BCX4UCMZJRHSR,10/29/2013
10/29/2013 23:23,10/29/2013,TL-DUNWI-BCY4UVDYP8VJ,10/29/2013
10/30/2013 6:54,10/30/2013,TL-DUNWI-BCY4V6WZEUETD,10/30/2013
10/30/2013 22:38,10/30/2013,TL-DUNWI-BCY4VVRZYXBUU,10/30/2013
10/31/2013 7:47,10/31/2013,TL-DUNWI-BCZ4VXDYR55WT,10/31/2013
10/31/2013 21:08,10/31/2013,TL-DUNWI-BCZ4WNZYKUETT,10/31/2013
11/1/2013 7:05,11/1/2013,TL-DUNWI-BD34WS7VL55WE,11/1/2013
11/1/2013 21:43,11/1/2013,TL-DUNWI-BD34XKLXXRHSN,11/1/2013
11/2/2013 7:07,11/2/2013,TL-DUNWI-BD44XLPYY55W,11/2/2013
11/2/2013 11:00,11/2/2013,TL-DUNWI-BD44XX5ZL82XM,11/2/2013
11/2/2013 17:19,11/2/2013,TL-DUNWI-BD43ZS68HXBUC,11/2/2013
11/2/2013 21:02,11/2/2013,TL-DUNWI-BD44F3WTX8VE,11/2/2013
11/3/2013 6:56,11/3/2013,TL-DUNWI-BD54NJDZR8VQ,11/3/2013
11/3/2013 13:58,11/3/2013,TL-DUNWI-BD54NRMZC82XP,11/3/2013
11/3/2013 22:25,11/3/2013,TL-DUNWI-BD54P6JY782XM,11/3/2013
11/4/2013 6:50,11/4/2013,TL-DUNWI-BD64PBCZX55WV,11/4/2013
11/4/2013 22:51,11/4/2013,TL-DUNWI-BD64QHXZE8VL,11/4/2013
11/5/2013 8:24,11/5/2013,TL-DUNWI-BD74QWBW782XR,11/5/2013
11/5/2013 22:55,11/5/2013,TL-DUNWI-BD74RY6YB82XP,11/5/2013
11/6/2013 6:48,11/6/2013,TL-DUNWI-BD84S7GZVXBUT,11/6/2013
11/6/2013 22:44,11/6/2013,TL-DUNWI-BD84T68KN55W7,11/6/2013
11/7/2013 6:54,11/7/2013,TL-DUNWI-BD94TPRZ282XK,11/7/2013
11/7/2013 22:30,11/7/2013,TL-DUNWI-BD94UG2YN55WV,11/7/2013
11/8/2013 6:56,11/8/2013,TL-DUNWI-BDA4UNDYF55WU,11/8/2013
11/8/2013 21:47,11/8/2013,TL-DUNWI-BDA4QUXZEUETG,11/8/2013
11/9/2013 6:24,11/9/2013,TL-DUNWI-BDB4W38XY8VU,11/9/2013
11/9/2013 22:23,11/9/2013,TL-DUNWI-BDB4WRKVU82X7,11/9/2013
11/10/2013 7:10,11/10/2013,TL-DUNWI-BDC2WCSWX55WP,11/10/2013
11/10/2013 15:41,11/10/2013,TL-DUNWI-BDC3U8DRM8VG,11/10/2013
11/10/2013 20:31,11/10/2013,TL-DUNWI-BDC4DGG7DXBUY,11/10/2013
11/11/2013 6:54,11/11/2013,TL-DUNWI-BDD4NKHZX82XN,11/11/2013
11/11/2013 22:42,11/11/2013,TL-DUNWI-BDD4PLLZ382XK,11/11/2013
11/12/2013 6:52,11/12/2013,TL-DUNWI-BDE4PSQYY82XX,11/12/2013
11/12/2013 22:40,11/12/2013,TL-DUNWI-BDE4QXKYD8VX,11/12/2013
11/13/2013 22:44,11/13/2013,TL-DUNWI-BDF4S9BY7XBU6,11/13/2013
11/14/2013 6:59,11/14/2013,TL-DUNWI-BDG4SFDYGXBUA,11/14/2013
11/14/2013 22:13,11/14/2013,TL-DUNWI-BDG4TEKZG82X8,11/14/2013
11/15/2013 6:56,11/15/2013,TL-DUNWI-BDH4TRJ22XBUG,11/15/2013
11/15/2013 22:05,11/15/2013,TL-DUNWI-BDH4ULMZY82XM,11/15/2013
11/16/2013 6:38,11/16/2013,TL-DUNWI-BDJ2UR2DK8VN,11/16/2013
11/16/2013 14:32,11/16/2013,TL-DUNWI-BDJ3QHYGK8VU,11/16/2013
11/16/2013 19:45,11/16/2013,TL-DUNWI-BDJ4ARM8T8VR,11/16/2013
11/17/2013 6:59,11/17/2013,TL-DUNWI-BDK4NHFZ755W9,11/17/2013
11/17/2013 22:33,11/17/2013,TL-DUNWI-BDK4NWVYY82XV,11/17/2013
11/18/2013 8:45,11/18/2013,TL-DUNWI-BDL4P4EZLXBUN,11/18/2013
11/18/2013 22:50,11/18/2013,TL-DUNWI-BDL4MSBGEXBUK,11/18/2013
11/19/2013 6:53,11/19/2013,TL-DUNWI-BDM4PZ6XZ55W3,11/19/2013
11/19/2013 21:02,11/19/2013,TL-DUNWI-BDM4Q2TZERHSL,11/19/2013
11/20/2013 6:55,11/20/2013,TL-DUNWI-BDN4Q8TZT8VZ,11/20/2013
11/20/2013 22:25,11/20/2013,TL-DUNWI-BDN4QX5ZVRHSH,11/20/2013
11/21/2013 7:02,11/21/2013,TL-DUNWI-BDP4QBRV9XBUX,11/21/2013
11/21/2013 22:38,11/21/2013,TL-DUNWI-BDP4RRJZWRHSP,11/21/2013
11/22/2013 6:58,11/22/2013,TL-DUNWI-BDQ4R5NZQXBUT,11/22/2013
11/22/2013 21:32,11/22/2013,TL-DUNWI-BDQ4PYZZ455W,11/22/2013
11/24/2013 8:19,11/24/2013,TL-DUNWI-BDS4T8AT38VK,11/24/2013
11/24/2013 14:49,11/24/2013,TL-DUNWI-BDS4SJ3ZJXBU9,11/24/2013
11/24/2013 22:47,11/24/2013,TL-DUNWI-BDS4TLTZY8VG,11/24/2013
11/25/2013 6:59,11/25/2013,TL-DUNWI-BDT4UGEXG82XW,11/25/2013
11/25/2013 22:42,11/25/2013,TL-DUNWI-BDT4RWNZA55WN,11/25/2013
11/26/2013 7:04,11/26/2013,TL-DUNWI-BDU4VF7XS82X5,11/26/2013
11/27/2013 6:02,11/27/2013,TL-DUNWI-BDV4TCMSU55W7,11/27/2013
11/27/2013 8:30,11/27/2013,TL-DUNWI-BDV4THK2255W6,11/27/2013
11/27/2013 22:44,11/27/2013,TL-DUNWI-BDV4UFGZR55WX,11/27/2013
11/28/2013 6:46,11/28/2013,TL-DUNWI-BDW4XXYWC82X6,11/28/2013
11/28/2013 10:16,11/28/2013,TL-DUNWI-BDW4X78V58VY,11/28/2013
11/28/2013 22:38,11/28/2013,TL-DUNWI-BDW4XKEZB8VR,11/28/2013
11/29/2013 6:59,11/29/2013,TL-DUNWI-BDX4WUQXWXBUE,11/29/2013
11/29/2013 22:05,11/29/2013,TL-DUNWI-BDX4XGFYCXBUR,11/29/2013
11/30/2013 6:52,11/30/2013,TL-DUNWI-BDY2VNYE94RWP,11/30/2013
11/30/2013 22:50,11/30/2013,TL-DUNWI-BDY4MDUFN4RWN,11/30/2013